username,display_name,notification,account_type,platform,rank,deleted_at,deletion_reason
gomgodkk25,.,notice,,,,2026-02-21T16:54:37.899829,manual_confirmed
sagami_sagari2,さがみ,notice,,,,2026-02-21T16:54:37.899829,manual_confirmed
h_s_i02,h_s__i,notice,,,,2026-02-21T16:54:37.899829,manual_confirmed
EXobaatyan,うちべこ,notice,,,,2026-02-21T16:54:37.899829,manual_confirmed
587mjgkko,@587mjgkko,notice,,,,2026-02-21T16:54:37.899829,manual_confirmed
sid5N,Sid,notice,,,,2026-02-21T16:54:37.899829,manual_confirmed
LbIk3z,おもちだよ,,,,,2026-02-21T16:54:37.899829,manual_confirmed
dr_080_KENZEN,Dr.ちょこら～た,,,,,2026-02-21T16:54:37.899829,manual_confirmed
dr_080_NSFW,Dr.ちょこら～た,,,,,2026-02-21T16:54:37.899829,manual_confirmed
muuuuuuito,むいと,,,,,2026-02-21T16:54:37.899829,manual_confirmed
Shiratama_4617,白玉らて,,,,,2026-02-21T16:54:37.899829,manual_confirmed
daiyayukiorigb,♢＿＿Gakubuti。,,,,,2026-02-21T16:54:37.899829,manual_confirmed
sumire_sumelagi,皇すみれ,,,,,2026-02-21T16:54:37.899829,manual_confirmed
sube_ebi,冷えふ,,,,,2026-02-21T16:54:37.899829,suspended
yawing_takusan,よーいんぐ,,,,,2026-02-21T16:54:37.899829,manual_confirmed
warabivi,雪蕨,,,,,2026-02-21T16:54:37.899829,manual_confirmed
sakiika0513,さきいか,,,,,2026-02-21T16:54:37.899829,manual_confirmed
wJ0hIxB1gb65798,コットン100,,,,,2026-02-21T16:54:37.899829,suspended
fukkatsu_fent,復活のふえるなっとう,,,,,2026-02-21T16:54:37.899829,suspended
nicomi__chan,にこみちゃん,,,,,2026-02-21T16:54:37.899829,manual_confirmed
moyasino_bourei,もやしたけ4世,,,,,2026-02-21T16:54:37.899829,suspended
cxclearsky,——,,,,,2026-02-21T16:54:37.899829,manual_confirmed
az1_hum,東シノ,,,,,2026-02-21T16:54:37.899829,manual_confirmed
ebimayo_s2,エビフライの膝,,,,,2026-02-21T16:54:37.899829,manual_confirmed
kenkume_k,kenkume,,,,,2026-02-21T16:54:37.899829,manual_confirmed
sogen971,そうげん,,,,,2026-02-21T16:54:37.899829,manual_confirmed
02_nap,おかしら もっぷ,,,,,2026-02-21T16:54:37.899829,manual_confirmed
futabafumi,双葉ふみ,,,,,2026-02-21T16:54:37.899829,manual_confirmed
arukimarket,到達不能極,,,,,2026-02-21T16:54:37.899829,manual_confirmed
Koro0n,𝔹𝟜,,,,,2026-02-21T16:54:37.899829,manual_confirmed
ZnDDnNd01928374,自立自販機,,,,,2026-02-21T16:54:37.899829,manual_confirmed
AQc3s,AQc3s,,,,,2026-02-21T16:54:37.899829,manual_confirmed
hurusato_syu2,ふるさとしゅう,,,,,2026-02-21T16:54:37.899829,manual_confirmed
ebimayo_s2_,えびさぶ,,,,,2026-02-21T16:54:37.899829,manual_confirmed
futabafumi2,ふたば,,,,,2026-02-21T16:54:37.899829,manual_confirmed
RITORAR7,R虎,,,,,2026-02-21T16:54:37.899829,manual_confirmed
RITORA2025_4,サブ李虎,,,,,2026-02-21T16:54:37.899829,manual_confirmed
e8YRF4qFxLKa62h,桑崎,,,,,2026-02-21T16:54:37.899829,manual_confirmed
66ama66,あまあまはんぺん,,,,,2026-02-21T16:54:37.899829,manual_confirmed
10183326,,,,pixiv,,2026-02-21T16:54:37.899829,manual_confirmed
11207642,,,,pixiv,,2026-02-21T16:54:37.899829,manual_confirmed
12998,,,,pixiv,,2026-02-21T16:54:37.899829,manual_confirmed
14523219,,,,pixiv,,2026-02-21T16:54:37.899829,manual_confirmed
2226141,,,,pixiv,,2026-02-21T16:54:37.899829,manual_confirmed
25060679,,,,pixiv,,2026-02-21T16:54:37.899829,manual_confirmed
34645256,柊,,,pixiv,,2026-02-21T16:54:37.899829,manual_confirmed
42033809,,,,pixiv,,2026-02-21T16:54:37.899829,manual_confirmed
61863488,,,,pixiv,,2026-02-21T16:54:37.899829,manual_confirmed
64652969,,,,pixiv,,2026-02-21T16:54:37.899829,manual_confirmed
668595,,,,pixiv,,2026-02-21T16:54:37.899829,manual_confirmed
77010439,,,,pixiv,,2026-02-21T16:54:37.899829,manual_confirmed
96309931,,,,pixiv,,2026-02-21T16:54:37.899829,manual_confirmed
97102307,,,,pixiv,,2026-02-21T16:54:37.899829,manual_confirmed
99049471,,,,pixiv,,2026-02-21T16:54:37.899829,manual_confirmed
95899227,ブルー茶アップ,,,pixiv,,2026-02-21T16:54:37.899829,manual_confirmed
16065065,,,,pixiv,,2026-02-21T16:54:37.899829,manual_confirmed
18635834,,,,pixiv,,2026-02-21T16:54:37.899829,manual_confirmed
21056444,,,,pixiv,,2026-02-21T16:54:37.899829,manual_confirmed
3029626,,,,pixiv,,2026-02-21T16:54:37.899829,manual_confirmed
4134515,,,,pixiv,,2026-02-21T16:54:37.899829,manual_confirmed
41718778,,,,pixiv,,2026-02-21T16:54:37.899829,manual_confirmed
5527,,,,pixiv,,2026-02-21T16:54:37.899829,manual_confirmed
61190845,,,,pixiv,,2026-02-21T16:54:37.899829,manual_confirmed
76430454,,,,pixiv,,2026-02-21T16:54:37.899829,manual_confirmed
7774552,,,,pixiv,,2026-02-21T16:54:37.899829,manual_confirmed
rendy_irma27512,TAI BEBEK,,log,,,,,2026-04-08T16:16:29.641746,unreachable_30_days
hanazawahina,hinya 🐰🔪,,log,,,,,2026-04-11T20:33:51.956487,unreachable_30_days
terukuzu,てるくず,,,,,,,2026-05-17T16:40:55.005260,unreachable_30_days
showjou_r18,しょうじょう,,,,,,,2026-05-17T16:40:55.005260,unreachable_30_days
asadanemumi,あさだねむみ,,,,,,,2026-05-17T16:40:55.005260,unreachable_30_days
illustneeter,終,,,,,,,2026-05-17T16:40:55.005260,unreachable_30_days
mimikakinaa,新しい耳かき 🔞,,,,,,,2026-05-17T16:40:55.005260,unreachable_30_days
4knvytk3an18179,ぽとふ,,,,,,,2026-05-17T16:40:55.005260,unreachable_30_days
esrfcrk5dz2726,ライスフラワー:お仕事募集中,,,,,2,,2026-05-17T16:40:55.005260,unreachable_30_days
CMainasu,C-mainasu,,,,,,,2026-05-21T23:20:59.654860,unreachable_30_days
Dmebgsa3,MIN,,,,,,,2026-05-22T23:15:30.444528,unreachable_30_days
Saruyanaika,サルやん,,,,,,,2026-05-25T14:02:27.560220,unreachable_30_days
HpQac,公衆,notice,,,,1,,2026-06-07T16:03:28.369390,unreachable_30_days
kousyyu,公衆,,,,,1,,2026-06-07T16:03:28.369390,unreachable_30_days
mane_ru_1,まね,,,,,,,2026-06-07T16:03:28.369390,unreachable_30_days
cat_batake,ねこねこばたけ,,,,,2,,2026-06-10T12:38:33.883843,unreachable_30_days
_a3aki,蒼埼,,,,,2,2029836898110488576,2026-06-19T21:33:03.888102,unreachable_30_days
yz9nifot,エビフライの膝,,,,,2,,2026-06-19T21:33:03.888102,unreachable_30_days
nicomi__chan,にこみちゃん,,,,,,,2026-06-19T21:33:03.888102,unreachable_30_days
grissoftware,皇すみれ,,,,,2,,2026-06-19T21:33:03.888102,unreachable_30_days
tuitouno_,追悼,,,,,2,,2026-06-19T21:33:03.888102,unreachable_30_days
yunuki,ゆぬきうた,notice,,,,1,,2026-06-21T18:13:23.351927,unreachable_30_days
