username,display_name,notification,account_type,platform,custom_tags,rank,twitter_id
uni_2225,うに,notice,,,,1,
ub_gz1,しか,notice,,,,1,
mochisiku,もちしく,notice,,,,1,
hamsta_crowned,ハムスタ,notice,,,,1,
a3gameplayer,ユキノアサン,notice,,,,1,
yukinoasan2,ユキノアサン,notice,,,,1,
nabenofuta33,多々良さん,notice,,,,1,
yamamomoplank,山桃,notice,,,,1,
tamachang1207,タマﾁｬﾝ,notice,,,,1,
inuhati783,戌田ハチ,notice,,,,1,
aoblueoa,あオ,notice,,,,1,
komedoron,フラリ,notice,,,,1,
professor_enami,えなみ教授,notice,,,,1,
kou_baa,こうば,notice,,,,1,
hino_takumi,桧野 拓海,notice,,,,1,
pen0cil2,ペン知,notice,,,,1,
kinji13,倉凧きんじ,notice,,,,1,
noren_negishi,ねぎしのれん,notice,,,,1,
miri_kyek,miri_1m,notice,,,,1,
miri_1m_1000,miri_1m,notice,,,,1,
Nyoro_CO2,ニョロ,notice,,,,1,
shijimi831,ιι″ Ⴋ,notice,,,,1,
sonson_Ro,そんそん,notice,,,,1,
tatenosettan662,立　雪譚,notice,,,,1,
naonax2o,ひたあお,notice,,,,1,
mizusaki_nakono,水崎 なこの,notice,,,,1,
FZJjoTzQGE68246,どく やけど,notice,,,,1,
hibino_000,hibino,notice,,,,1,
whiteanother490,弦白,notice,,,,1,
semicolonize,semicolon,notice,,,,1,
whitechocwaffle,薄味ﾜｯﾌﾙ,notice,,,,1,
hakoko_03,箱子,notice,,,,1,
Gunjou_row,群青狼,notice,,,,1,
hamasmi,hama2mi,notice,,,,1,
hamasmiponpe,hama2mi,notice,,,,1,
yuyu_no_suke,ゆゆのすけ,notice,,,,1,
misakienjyu,ミサキえんじゅ,notice,,,,1,
Invader000,沖野カモメ,notice,,,,1,
yanareoreoreore,やなれお,notice,,,,1,
yanareoreore,やなれお,notice,,,,1,
Empfehlung01,明るさファジー,notice,,,,1,
yamaP2323,山風P,notice,,,,1,
316_xxxx,さよなか,notice,,,,1,
Not_Jiang,noji,notice,,,,1,
lolllolllllolll,でんきえんざんき,notice,,,,1,
Tsukina_7mochi,糖衣月餅,notice,,,,1,
oboroge_faint,朧気,notice,,,,1,
sheila_ship2,シーラ,notice,,,,1,
rasra25,煮込らしか,notice,,,,1,
nanash1zamura1,なな氏,notice,,,,1,
Sknt0122,すけのーた,notice,,,,1,
tobewai_wk,TobeY,notice,,,,1,
ADPX_RESUIT,ADPX,notice,,,,1,
pikumin_jr,アルマジロ,notice,,,,1,
Shirayume44,四ラユメ,notice,,,,1,
Shirayume181818,四ラユメ,notice,,,,1,
superego51,セキセイ,notice,,,,1,
ulmado_akane,或窓,notice,,,,1,
azisio1616171,アジシオ,notice,,,,1,
yukigasa,雪傘,notice,,,,1,
kobahebi_yellow,小林蛇伸,notice,,,,1,
blmmgm,喜友名 恵一（はらへりもぐお）,notice,,,,1,
4_jigenme,道徳の時間。,notice,,,,1,
20hun_yasumi,道徳の時間。,notice,,,,1,
subcul_enjoy,玉若丸,notice,,,,1,
mac_4229,まっく,notice,,,,1,
mg_toHKR,はかり,notice,,,,1,
aho_whale,あほえーる,notice,,,,1,
YSAster02,YSJIN4,notice,,,,1,
flat_fish_,かれい,notice,,,,1,
yama_dog_inu,山犬,notice,,,,1,
bone_71sai,骨太郎,notice,,,,1,
x3_unic,xy3_海,notice,,,,1,
Noire6959,Noir,notice,,,,1,
IbnK7RqW03KpILI,490,notice,,,,1,
kagtwi,kagari,notice,,,,1,
04940picture,490,notice,,,,1,
urct,裏方,notice,,,,1,
nowaru_404,のわる,notice,,,,1,
ti_owo,ちー(*ﾟーﾟ),notice,,,,1,
sdiku,震電いく,notice,,,,1,
hari_sosui,疎水はり,notice,,,,1,
mikamiOvO,みかみ,notice,,,,1,
otomiyamogito,大宮祝詞,notice,,,,1,
kotobuki_masuku,ますく,notice,,,,1,
Mebius_ash_homu,或窓,notice,,,,1,
nukonuko210,仔ぬこ,notice,,,,1,
marosandesuga,まろさん,notice,,,,1,
mochitotororo,とろろもちもち,notice,,,,1,
sasa_ki____,佐々木,notice,,,,1,1325338097257598976
kaerimiti___,かえりみち,notice,,,,1,
tina_muchimu,むちむ,notice,,,,1,
sagami_sagari,サガミ,notice,,,,1,
_53na_,53NA(セナ),notice,,,,1,
0101_831,一止月サノツキ,notice,,,,1,
tanuzaka,たぬざか,notice,,,,1,
zakatanu,たぬざか,notice,,,,1,
tyokosukitarou,チョコ好き太郎,notice,,,,1,
wasabi_kiritan,わさび,notice,,,,1,
zir0_25,字路,notice,,,,1,
sakenomi1341,さけ,notice,,,,1,
imobatakefield,薯畑馬鈴,notice,,,,1,
ricecake_1121,らいすけーく,notice,,,,1,
hasei01,hasei,notice,,,,1,
__Qipl,.,notice,,,,1,
nakiri_Rear,なきり,notice,,,,1,
magao_desu,まがお,notice,,,,1,
MyCiCromwell,琴葉・MyCiクロムウェル,notice,,,,1,
blk_shika,クロカ,notice,,,,1,
ButtunBattery,ぼたんかんでんち,notice,,,,1,
iz_romana,ウソーツキン,notice,,,,1,
sakuratamaru,桜多丸,notice,,,,1,
mikiuto_2,みきうと,notice,,,,1,
Gama_ou,がまうお,notice,,,,1,
puhyuneco,HVNC,notice,,,,1,
1204ENBI,甘海老燕,notice,,,,1,
Kangaroold,めじろーす,notice,,,,1,
amafuriyoru,雨降夜 / amaf_,notice,,,,1,
kurodaomusubi,黒田,notice,,,,1,
6ch_39,6ch,notice,,,,1,
twilight_drawer,たそかれ,notice,,,,1,
awwwwolf,AW啊狼,notice,,,,1,
omochidry,ホシモチ,notice,,,,1,
kototuki96,ことつき☾,notice,,,,1,
WataNarashi,綿ナラシ,notice,,,,1,
runikari06,佐伯るに,notice,,,,1,
runisan_sub,佐伯るに,notice,,,,1,
runisan_ura,佐伯るに,notice,,,,1,
negima_yoiti02,ねぎまよ（さぶ）,notice,,,,1,
negima_yoiti,ねぎまよ,notice,,,,1,
kkkkk_a_i,kai,notice,,,,1,
__Qipl,.,notice,,,,1,
nuitown,縫,notice,,,,1,
12nana_7,十二なな,notice,,,,1,
userposts,yaise,notice,,,,1,
OMNKI_jr3rd,お万恋次郎(三代目),notice,,,,1,
Tiramisu_salts,塩てぃらみす,notice,,,,1,
yzkmoq_00,ゆか煖房,notice,,,,1,
becoma_,べえこま,notice,,,,1,
Ap04Astral,AstralApocalypse,notice,,,,1,
nutazi_san,ぬたじ,notice,,,,1,
h_ss_i,hassai,notice,,,,1,
xkanoxxx,うかの,notice,,,,1,
eon_ephemeral,えふぇ,notice,,,,1,
ZzzkuRo__s,はるのざくろ,notice,,,,1,
syumiyo_,syumi,notice,,,,1,
Ren256_,*Ren*,notice,,,,1,
Helpkrtn1,ナ,notice,,,,1,
kashisuover,かしすお,notice,,,,1,
Utikinabeekon,うちべこ,notice,,,,1,
medexiti2000,ろくろの回し者,notice,,,,1,
noll_rf,片雨ノル,notice,,,,1,
usagon3333,うー玉,notice,,,,1,
ini_pmh,いに,notice,,,,1,
koazegawa_line,koaze,notice,,,,1,
fuyu_same,とりてん,notice,,,,1,
TeKeNo6,TeKeNo,notice,,,,1,
shii595,shigaruru,notice,,,,1,
Ahoge_WiFi,もっふっふ,notice,,,,1,
c_tanf,しーたん,notice,,,,1,
shitanohidari,うえのみぎ,notice,,,,1,
karakasashikomi,唐傘,notice,,,,1,
GantzCit,がんつ,notice,,,,1,
hankenkaku,空メ,notice,,,,1,
shira_no_me,しらのめ,notice,,,,1,
kashiwatoriniku,柏,notice,,,,1,
cone_huraku,こんくてん。,notice,,,,1,
donguri_karappo,どんぐり,notice,,,,1,
Settin_0421,せるたす,notice,,,,1,
Celtuss_sub,せるたす,,,,,1,
fusazakura_,総桜しわす,notice,,,,1,
thkirinrin,きりんねこ,notice,,,,1,
kurokoEX,そんたっく,notice,,,,1,
gestart333,無た｡,notice,,,,1,
AKI_kikumugi,糸麦くん,notice,,,,1,
uenomigi,うえのみぎ,notice,,,,1,
41H0i_s,41H0..！s,notice,,,,1,
Hiratsuka002,平塚2丁目,notice,,,,1,
YAMAcastle,山城,notice,,,,1,
jikkuri_toko2,じっくりトコトコ,notice,,,,1,
kabuyamakaigi,かぶ山総研,notice,,,,1,
RunningToko2,じっくりトコトコ,notice,,,,1,
miso_dayo_,みそスープ,notice,,,,1,
eokaitekaite969,えーりおっと/ELIOTTO,notice,,,,1,
yurinohanabana,ユリノハナバナ,notice,,,,1,
fuurere_mo,触れれ,notice,,,,1,
monufun_f,触れれ,,log,,,1,
hatimitu_v,触れれ,,log,,,1,
mu_furef,触れれ,,log,,,1,
Tokuto_Kuten02,十久灯 くてん,notice,,,,1,
san3touy,三十,notice,,,,1,
ng_rabbit,NG.rabbit,notice,,,,1,
mukaunokyou6,フィーさん,notice,,,,1,
sakiwafu,ふさち,notice,,,,1,
ika_fuka_,以下、不快感を煽る音楽ファイルが添付された忌まわしき悪魔の推論,notice,,,,1,
ritomasu0222,リトマス。,notice,,,,1,
hihuu36,もふΞ,notice,,,,1,
subwai2025,TobeY,notice,,,,1,
y9kitami,キタミ,notice,,,,1,
kurodatokoro,黒田所,notice,,,,1,
finusgloria,雪兎のあ,notice,,,,1,
wktkan,ﾜｸﾃｶﾝ,notice,,,,1,
matukituneAtto,まつきつね,notice,,,,1,
Tnama1234,とりなま,notice,,,,1,
Tnama2345,なま,notice,,,,1,
Lemon230818,Lemon,notice,,,,1,
jgmwv312mj,587mjgkko,notice,,,,1,1718172706380877824
sakura_MOTIN,咲蘭,notice,,,,1,
RedRam_Marder,🐸🐌🐑,notice,,,,1,
voiceroidbot__,ボイスロイドおえかきbot,notice,,,,1,
373_sukpntn,373,notice,,,,1,
puzzlegame0330,灰野ハノイ,notice,,,,1,
KusodekaiOppai,ウナぎパイ,notice,,,,1,
akanelove_0425,立葵,notice,,,,1,
Akanelove0425_2,立葵,notice,,,,1,
empty_blanc,白紙,notice,,,,1,
wht_elk,白紙,notice,,,,1,
smzm_n20,sumizome,notice,,,,1,
ZunMuT,ずんぐりむっくり太郎,notice,,,,1,
ganbaritaiNa_07,ナナシ,notice,,,,1,
flower_XwX_,寝る,notice,,,,1,
chuwu282424,楚芜,notice,,,,1,
Enkuu_,クウ,notice,,,,1,
Michishi_Reube,軌思るぅべ,notice,,,,1,
reube_sub,軌思るぅべ,notice,,,,1,
hmmk_BIGLOVE,ヒメミコはヒメミコすべき,notice,,,,1,
32kki_ikki,ミニッキ,notice,,,,1,
susunsns,すすなす,notice,,,,1,
inugoyafantasy,犬小屋ファラオ,notice,,,,1,
nanagi_ship4,nanagi,notice,,,,1,
wdms_121,wdms,notice,,,,1,
wdms_vr2,wdms,notice,,,,1,
4shino_ns,よしの,notice,,,,1,
tkns_yk,小鳥遊千,notice,,,,1,
koubutunado,六鳩廃線,notice,,,,1,
29herase,発光たくあん,notice,,,,1,
a_wolf_hh,ウウルフ,notice,,,,1,982790383007449088
A_KiNo2,アキノ,notice,,,,1,
Mr_Test_Tube2,二股試験管 2,notice,,,,1,
kuhnoda,くのだ,notice,,,,1,
GIRYURIGIRLS,GIRYU,notice,,,,1,
zunda_drop,ずんだドロップ!,,,,,,
kumicho_E12,くみちょー,,,,,,
kanbaru_mitsuki,神原観月,,,,,,
S7_D8,須藤,,,,,2,
richaball,リチャード,,,,,,
g_kkdk,KoKoDoKo,,,,,,
hoshido_range,星戸レンジ,,,,,,
krmfyu,なまはむたべたい,,,,,1,
tomin_90,Tomin,,,,,2,
ponkan303,ponkan303,,,,,,
Merkii_clear,メルキィ( サブ垢 ),,,,,,
Merkii_White,メルキィ,,,,,,
ayasa1207,あやさ,,,,,,
suki_suke,すき（すきま）,,,,,,
kitoside,樹人,,,,,,
higasiyamananik,東山ナニカ,,,,,,
yuubi_chi,熊ﾕﾋﾞ,,,,,,
ERU_FUYUKI,冬樹える,,,,,,
_neruzou,ねるぞう,,,,,,
Reinaru_,レイナル,,,,,,
anal_aki,NULL,,,,,,
v95VEzh92w74168,尘北安_,,,,,,2058723559757991936
longbear65,ながくま　ろこ,,,,,,
cheribon1204,ちぇりぼん,,,,,,
ruzern8858,るっつぇ,,,,,,
k6uVEfRs2E803,八木柳,,,,,,
ulu_agumi,う・ω・る,,,,,,
kasukadoki,千歳茶　幽時,,,,,,
nanatsuki_090,ゆえななつき,,,,,,
yks_ys1010,友紀沙,,,,,,
174key0,たけよ,,,,,,
G0RvG0B0N,GRGBN,,,,,,
_____l_____I__,あ.,,,,,,
nejimakiGiGiGi,パ,,,,,,
kikuzunooka,木屑(木屑の丘),,,,,,
rgm8907,マグナ,,,,,,
kisalaundry,きさら,,,,,1,
huya00keta,ふやけた,,,,,,
kuuinusuki,わんこ,,,,,,
m_aatu,ああつ,,,,,2,
_ugetu,雨月.,,,,,,
uwag0,上顎,,,,,,
tobarin_,雪帷,,,,,,
k_ankt_,艦きつ,,,,,,1024965000962535424
colsetmakio,コルセットまきお,,,,,,
otomako2l7,オカモト,,,,,,
SnowMican,匕口,,,,,,
aota_hachi,青太,,,,,,
coruthi,コルティ,,,,,,
uenosannkakkei,うえのみちひさ,,,,,,
snowsakn,沙,,,,,,
momoco_haru,ももこ,,,,,,
kurokowloon,くろ,,,,,,
pon997,pon,,,,,,
jyaga9127,じゃがばた,,,,,,
Inui_Ruka,わんこ/いぬい,,,,,,
sap_futuki,ふつき,,,,,,
k_futuki,ふつき,,,,,,
Violettebrise,百塔,,,,,,
kanemitsu411,Alto,,,,,,
akahara_tyun,アカハラ,,,,,,
Matsunari2525,松成,,,,,,
Gliy_27c9,ぐり,,,,,,
ahurerukuiizi,このり,,,,,,
sagisagiz2,ペテン師,,,,,1,
Kasuya_Baian,粕家梅庵,,,,,,
catvillage168,薪春,,,,,,
nomalandnomal,NMLND,,,,,,
hrd48078405,hrd,,,,,,
MEIDAY_mise,mEi,,,,,,
huuapainter,ふーあ,,,,,,
deal360acv,でぃ,,,,,,
hachisiti_,八ク寺,,,,,,
nao3andante,無隠60,,,,,,
cassiethefruity,しらおり,,,,,,
quyuribi,くゆりび,,,,,,
moliokasinzo,なんこつ,,,,,,
nenane0833,さいなかもなか,,,,,,
kusaikire_iki,いき,,,,,,
hikagamimi,ひかがみ,,,,,,
skykeeeeeeeey,すかいけい,,,,,,
dr_080,Dr.ちょこら〜た,,,,,,
nep_76,nep,,,,,,
usual_take,いつものたけし,,,,,,
ko_cha_22,初白まみむ,,,,,,
enuto500,エヌ人,,,,,,
daretokup,dar,,,,,,
sazinoki,さじのき,,,,,,
milkpanda0301,みるくぱんだ,,,,,,
MMKKWashi,washi,,,,,,
__t_h_o_m__,てょむ,,,,,,
Temaki_3Hz,手巻,,,,,,
kisa_2115,冬宮紀沙,,,,,,
fuyunekotaku,冬猫卓,,,,,,
unineu_zzz,うにねう,,,,,,
sabiwo_gray,さびを,,,,,,
Agetawashi,揚げたわし,,,,,,
maikuro_ace,microa,,,,,2,
okashiiya,しいやちゃんスペシャル,,,,,,
sayonakachan,よろしくおねがいしますBOT(8),,,,,,
RIOOEKAKI,リリオ,,,,,,
yukarichang17,紫乃紫（しのゆかり）,,,,,,
J_InuGami9,犬神,,,,,,
haruwaka_064,春若のろし,,,,,,
Azsn10,Az ii,,,,,,
anna__naru,あまぎ成,,,,,,
76Gpo,76,,,,,,
NEKO_NO_SAYO,小夜/SAYO 公式,,,,,,
kszk_man,生活,,,,,,
1100_2299,soresaki,,,,,,
niln_one,にるのん⅀,,,,,,
honyomian,でんき2号店,,,,,,
oyasameme,本物の偽おやさめの抜け殻,,,,,,
bowstringsmall,O絃,,,,,,
Oo_pipipipi_oO,あぷ,,,,,,
poccheinfinity,pocche,,,,,1,
SAKURAMOCHIHADA,PP,,,,,,
higanorio,日賀紀夫,,,,,,
crow_crowd24,crow,,,,,,
0_shusi_,無職ロリ,,,,,,
kaeruekaru,いろどりかえる,,,,,,
ameno_kaeru,飴音かえる,,,,,,
oko0ge,びよん,,,,,,
_k256,ka2co6,,,,,,
Japaneseumbrell,和傘,,,,,,
15cmx,エム,notice,,,,,
15cm_m,エム,notice,,,,,
sumi_acount,Sumiism,notice,,,,1,
sumi_kacount,Sumiism,notice,,,,1,
sumi_vacount,Sumiism,notice,,,,1,
IME_in_eyes,IME,,,,,,
konohota,無名,,,,,,
makurakui,まくらく,,,,,,
nullmeso,ヌるめそ,,,,,,
Datemagame,だてめがね,,,,,,
meso_img,ヌの妖精,,,,,,
gggga1102,ほむまろ,,,,,,
kino_511,キノ,,,,,,
arufas00,あるふぁす,,,,,,
oyasumizacca,𝙤𝙮𝙖𝙨𝙪𝙢𝙞,,,,,,
beautifulremi,ドレミ,,,,,,
datemagame_R18,ももいろめがね,,,,,,
ss_sikime,しきめ,,,,,,
JMakoton,ちゃーくす,,,,,,
joanne_for_net,叙庵ヌ。,,,,,1,
matcha__ore_p,まったゃおれ,,,,,,
charks7777,ちゃんちゃか,,,,,,
kashiki_main,菓色,,,,,,
oyariashito,大槍葦人,,,,,,
IsNoYet,ノヤト,,,,,,
irosiraskb,いろしら,,,,,,
ayasan_tesuka,ぱてすか,notice,,,,2,
uriuni_11,べあねこ,,,,,,
monyomoke,ちぇうぉしょんくぉるけってぃえ(も)にょもけ,,,,,,
dokuna_nenokuni,毒菜,,,,,,
miria_coniglio,みりあ,,,,,,
yukariAK_7,AK-7,,,,,,
Elili_sousac,せのドコ,,,,,,
M_kyoushiro,雅京士郎,,,,,,
azala_exire,azāla,,,,,,
svrth_891,でぃーえる,,,,,2,
kodachi_oekaki,こだち,,,,,,
ma_mi_ro,mamiro,,,,,,
2sSSYhjgZY78614,御園棚,,,,,,
1mop1cs,ｲﾓ.,,,,,,
cylinder_f,しりんだーふれいる,,,,,1,
NFWTKDaily,ぴあき(意識不明),,,,,,
dondodonddon,dondodonddon,,,,,,
yuzum0237,do,,,,,,
sakurai_kk,桜井 あきら,,,,,,
kouka_oekaki,高架/kouka,,,,,,
rekuiM,今北エリカ,,,,,,
NFWTK,ぴあき,,,,,,
priest_2Sc,예민B,,,,,,
hokorima2,まるごとほこりまみれ,,,,,,
sasami_namatama,やまさき いる,,,,,,
MATEO2023_ex,健康な手負い,,,,,,
Vadran000,ドラン,,,,,,
yoriha_yashiro,ヨリハやしろ,,,,,,
Yoriha999,順葉やしろ,,,,,,
Doru_Scarlet_BR,ᗪ𝟶𝚛𝐔❦,,,,,,
Kuroyurinoniwa,ほとけばち,,,,,,
chabatake_,茶畑ゆのみ,,,,,2,
yopan_z,よぱん男爵,,,,,,
jhmh314,円周率π,,,,,,
CostRa777,こすとら,,,,,2,
xxfylia,浮憂,,,,,,
mii_yachi,みや太郎,,,,,,
tyoutanosii,呉,,,,,,
asagihousui,あさぎほうすい,,,,,,
choboriba,ちょぼりば,,,,,,
toubunmaou,とうまお(糖分魔王),,,,,,
sprn334,さぽろ,,,,,,
nanatsuta,ななつた,,,,,,
0u0_tuna,にかもか,,,,,,
rua_Afficial,ルアー^ΦωΦ,,,,,,
tsugu_no,つぐの。,,,,,,
ara_arazan24,アラザん,,,,,,
ShiNdAkAmi3,uwu,,,,,,
w2zEF99hZmxRRCi,猫師：ニャンコスキー,,,,,,
C_lemo4,しいれも,,,,,,
sessyu,竹村雪秀,,,,,,
fnf1740466,ファン,,,,,,
zera20200532,へーぜら,,,,,2,
zera17140813,へーぜら,,,,,2,
hezera2020,へーぜら,,,,,2,
arutana,薙派(ちぱ),,,,,,
69700,薙派(ちぱ),,,pixiv,,,
fanbox/69700,薙派(ちぱ),,,kemono,,,
Que__9,キュウ,,,,,,
4_p8w,外郎,,,,,,
hoban_spi,Hoban,,,,,,
_ko_oketi5,!,,,,,,
shikei_n,しけいん,,,,,,
tomato20180513,とまと,,,,,,
gil_261,ぎる,,,,,,
62_retas,夏村,,,,,,
SuperRockBuster,冷や御飯,,,,,,
ruimado_,るいまど,,,,,,
butNaporitanNo1,ぺぺち,,,,,,
nemuke,モタ,,,,,,
yukihi,ユキヒ,,,,,,
kukokuro9596,くこくろ,,,,,,
high_Re,ハイ_レ,,,,,2,
kuraika_kinkin,サブ凧きんじ,,,,,,
shig_eru,古川メーキモ,,,,,,
mochihitaki,じょび,,,,,,
imuuun_,ハセガワいむ,,,,,,
mado_a,まどしゃん,,,,,,
nkmmkt,ねこみみこと,,,,,,
ura88,鏡うらがー,,,,,,
fuji_noki,フジノキ,,,,,,
mitugushiyuu,みつぐし,,,,,,
h_milk,みぅく(海蒼玉),,,,,,
aughtight,浦,,,,,,
poco__,室埴ポコ,,,,,,
mubialice,ありす,,,,,,
susukiusu,流離薄,,,,,,
abara,肋兵器,,,,,,
abaraheiki,あばら屋,,,,,,
So_shi_te_,奏詞そして,,,,,,
maru7_Gekijou,まる7,,,,,,
kyusoukyu,久蒼穹,,,,,,
B_Tsukael,B-Tsukael,,,,,,
earosoligt,ぞるそる,,,,,,
foN_r18,FoN,,,,,,
YSYSurusihara,ヤスヒロ,,,,,,
meri_ura,めりーべ,,,,,,
sakananannn,sakanana,,,,,,
P90Pandora,P90 pandora,,,,,,
konohoshim,このほし,,,,,,
Scarlet_Sky_,空色スカイ,,,,,,
yomomomogi0614,よもももぎ,,,,,,
331_myeiki,神絵師（仮）のMIKI,,,,,,
tvkmidaco,箱ダコ,,,,,,
polepole123123,ぽれぽれ,,,,,,
daisi_gi_tojo,ねちゃのパンケーキ,,,,,,
zealark_,ゼア・ラーク,,,,,,
CinoMoon,しのむ,,,,,,
touhu2_,空どうふ,,,,,,
SHISHI_444444,しし,,,,,,
Parallel_Fleet,Parallel_Fleet,,,,,,
RinNyandara,みゃんだらりん,,,,,,
amaebi834,エビフライの膝,,,,,2,
Sasabear_02,ててんか,,,,,,
AplhaBunny6900,AplhaBunny6900,,,,,,
KomagomeP2,こまごめピペット,,,,,,
folm_pole,gudrn,,,,,2,
dush_1144,dush,,,,,,
Leonatsan3nd,Leonat3号,,,,,,
SubCrom,サブクロム,,,,,,
Cocococoeee,ココナツ,,,,,,
panda_kabe,つなこ,,,,,,
4jine_osone,よじね,,,,,,
toatomooto,もや,,,,,,
hurusato_syu,ふるさとしゅう,,,,,,
dawa300,だわ,,,,,,
amiamikeyring,あまみ7,,,,,,
jito410,ジト目をすころう,,,,,2,
774ne,ナナシネ,,,,,,
ankma_illust,あんこま,,,,,,
shi_no_Q,椎野,,,,,,
Nation1213,Nation,,,,,,
akayudofu,ガンマユドウフ,,,,,,
gerigimmy,ukey,,,,,,
gloomy_veggie,tuchi,,,,,,
not_oyasame,め҉,,,,,,
Aruto_genki,あると↓↓,,,,,,
reEs0608,Eʑ̸̀ནS,,,,,,
mattiya0401,まっちや,,,,,,
amae_poipoi,三元豚あまえ,,,,,,
Rheolongya,パンの袋留めるやつ,,,,,,
rorororo2511,六炉ロロ,,,,,2,
sinobili,しのびぃ〜,,,,,,
bathtowelsomen,その辺のペガサス,,,,,,
toruriri0718,io,,,,,,
Mustafa0401_18,مصطفي,,,,,,
sake098,さけ,,,,,1,
kuuurusuke,くる助,,,,,,
odyksub,ody,,,,,,1770772078058188800
oAM2d3q8mO51651,画像のみ,,,,,,
epu_pu,えぷ,,,,,,
manri_h_ok,万里冠H,,,,,,
ffgh_5,イャーブス,,,,,,
shioyaha_salt,塩屋,,,,,,
Kumaniki_6125,くまニキ,,,,,,
mamesan0031,マメたんく,,,,,,
raruuuuu534,ﾗﾙﾗﾙ,,,,,,
u4484,위이,,,,,,
Kinazuki_,木無月,,,,,,
catsstarch,片栗猫,,,,,,
coldsleeeeeeep,kユ,,,,,,
Yuame_kagari,ゆーあめ,,,,,,
haruto_0v0,ハル兎,,,,,,
Itimartigousit1,101号室(声本都在住),,,,,,
Teckinder,てっきんだー,,,,,,
nw___44,のわ,,,,,,
viractal,仮想フラクタル,,,,,,
muu_hachiba,無有ハチバ,,,,,,
nyaka_e,にゃか,,,,,,
yunosukeX,ゆのすけ,,,,,,
unnn_un,古陰うゆり,,,,,,
gokaku180,ごかく,,,,,,
ichi_u2,一初,,,,,,
ku_k93214,くう）き,,,,,,
Dokutumo,どーくつ,,,,,,
wasanpon_ama,WASANPON,,,,,,
Not_a_Number_x,数値迷子(NaN),,,,,,
KANMI_MIKAN_02,甘味みかん,,,,,,
torino_hakoniwa,鳥のはこにわ。,notice,,,,1,
AO1go_,金沢,,,,,,
_3tch,神舘ふの,,,,,,
nunske_desu,ぬんすけ,,,,,,
wani_gumo,わにぐも,,,,,,
nekatze,ねる猫,,,,,,
momomomoudon,猫の足の裏,,,,,,
des__8844,Desmond,,,,,,
kinacofutahoshi,双星希奈子,,,,,,
TanuFuku22425,たぬからす,,,,,,
sakurained,桜雨,,,,,,
kinonick123,きのにく,,,,,,
yo_mogi_love,よもちもち,,,,,,
RT2025_8,李虎,,,,,,
RITORA2024_6,李虎,,,,,,
haimiya_neno,はいみや,,,,,,
winterNGcold,寒冷とうこ,,,,,1,
kabuyamasouken,かぶ山総研,,,,,1,
inoa_771,いのあ,,,,,,
ptpt_o0,"ぴち𓆝""",,,,,,
tannbono_,TA.,,,,,,
fucinami,ふちな,,,,,,
Koridoras00,こりどらす,,,,,,
Efra_Neet,えふら,,,,,,
Lv1Lv2Lv3,あさのねる,,,,,,
Lv1LV2Lv3x,あさのねる,,,,,,
__mp40,おかしらもっぷ,,,,,,
Feb_ary_2525,ぺんぺけ,,,,,,
shiro_kuma_3939,シロ,,,,,,
N9gl5l,らーどら,,,,,,
zunusama,ずぬさま,,,,,,
tsugumi_kuchiwo,噤み,,,,,,
gestart666,無た｡,,,,,1,
kyohai_9,かにいくら,,,,,,
kakikeke12435,かきけけ,,,,,,
shito_imnida,しと,,,,,,
p_2k,縞城依月,,,,,,
NNSMmiku39,縞城依月,,,,,,
shikei,しけー,,,,,,
Guruten_3347,ぐるてん,,,,,,
39shuttle,T.Y.shuttle,,,,,,
nodaplaying,すっぱい本みりん,,,,,,
asteroid_ill,あすてろid,,,,,,
actorstrangeluv,異情,,,,,,
0623_depictor,なくす,,,,,,
Koshka_Pic,Koshka/絵,,,,,,
Cater_Cats,あいくろう,,,,,,
miharu212205,聖晴,,,,,,
sy2zzz,suya,,,,,,
chitose_akane,茜 千歳,,,,,,
SERANS73,ヒチガツミッカ＝ハイクバコ,,,,,,
Amadare_rak,！【あまだれ】,,,,,,
hozonsui,優しい内臓,,,,,,
Fushidara_Nmo,歯鱈負,,,,,,
7_tamakibi_21,こんくてん。,,,,,1,
kohaninaka,空メ,,,,,1,
Musasin,Musasin,,,,,,
Ixy,Ｉｘｙ,,,,,,
key381ka,鍵さび,,,,,,
100cattesta,てすた,,,,,,
nanoomrice,なの,,,,,,
okisiberon,象さん,,,,,,
currywanco,૮₍ ̥⎽ ̫ ⎽ ̥₎ა,,,,,,
asukoso_,明日こそ,,,,,,
rayekurea,紫カステラ,,,,,,
tamakiiii1222,環,,,,,,
17b_cd,17b,,,,,,
champon_teto,抹茶ドリル,,,,,,
tomatobaketsu,トマトばけつ,,,,,,
kzoms1,ろも,,,,,,
tokitadesu,時田,,,,,,
hitsujiniku_12,らむ,,,,,,
Tsukimirin,つきみりん,,,,,2,
migi_miya,みぎみや,,,,,,
kawayabug,かわやばぐ,,,,,,
Uwata_h,飛者,,,,,,
nyohohonnmura,にょほほん村,,,,,,
oicolatcho,おいこらしょ,,,,,,
yomoi__,四方井 ぬい,,,,,,
tnpky,たんぱく,,,,,,
tokuniaru,なか憲人,,,,,,
bottlecola190ml,わかばマークおじさん,,,,,,
pompom625tn,今宮ぴの子,,,,,,
HeripanTomorrow,Tomorrow,,,,,,
samegarden,じい,,,,,,
zzz_zzz0502mac,おやすみまくら,,,,,2,
ur_sws,サワシ,,,,,,
nanagi_illust,nanagi,,,,,1,
nayutarikawa,なゆた,,,,,,
bebenokaburi,べべ,,,,,,
jin_beu,ジンベイ,,,,,,
Cocococofox,ココナツ,,,,,,
Sushinante01,すしなんて,notice,,,,,1
CatWithNeko,こんにゃくねこ,,,,,1,
JJ21iJGVZIucZfD,フジダヌキ,,,,,,
nistick023,日向悠二,,,,,,
UranosEBi,うらのす海老,,,,,,
GachiOnemuGhost,がちおねむ,,,,,,
itogutidayo,いとぐち,,,,,,
cokuuma,こく,,,,,,
Kamimiya_yade,かみみや,,,,,,
1102a935U4,U4-Yuhshi-,,,,,,
kotolovecute,さかな,,,,,,
stuffed0819,剥製,,,,,,
stuffedR18_0819,複製,,,,,,
hu__________san,昔,,,,,,
tim99292,ちむちむ,,,,,,
KumaSunSecond,KumaSun,,,,,,
yea_chee,いえちー,,,,,,
aruktori,あ鳥,,,,,,
JumboWhopper,Jumbo,,,,,,
Benine_HI_BI_KI,紅音ヒビキ,,,,,,
yosan_123,予算,,,,,,
Sugi40773767,ゆ～い,,,,,,
0315shuttle,サンキュー・シャトル,,,,,,
nicmangle,にこ,,,,,,
kaneberu,Kaneberu Project,,,,,,
kitsunekiii09,KITSUNEKI,,,,,,
_OVOVOIP,白沙飴しろまる,,,,,,
_ovoip,白沙飴しろまる,,,,,,
ovoip_,ラズ！,,,,,,
misoshirufen2,マタイツカ,,,,,,
misoshirufen,マタイツカ,,,,,,
cagelabyrinth,che,,,,,,
Nizakura_Zakuro,二桜ザクロ,,,,,,
HaYuTea,はゆ茶,,,,,,
_kenriV,kenze.,,,,,,
susu_osuzu,おすず,,,,,,
Toototo2112,とおとと,,,,,,
worufu_1896,ぽち,,,,,,
sei01128,ririris,,,,,,
sksn_mmm,酢酸,,,,,,
tabunnanhun,なんふん,,,,,,
gsr250sergey,競る芸,,,,,,
_nettai,かやき,,,,,,
caffeine160,CAFFEINE160,,,,,,
AKUMURUJI,AKUMURUJI,,,,,,
fkmrsiv,福久森,,,,,,
fkmrsiv_sub,さぶ森,,,,,,
chest_nikoniko,chest,,,,,,
kensight328,ケンサイトウ,,,,,,
takeyasu510,やす,,,,,,
miiyaa_1126,曷西,,,,,,
MKMK_915,ナナキ,,,,,,
toriniku29,鶏肉,,,,,,
tokiro_ED29689,ときろう,,,,,,
senmerrychrist,Sen—メリ,,,,,,
barocat04,ばろきゃっと,,,,,,
PinPen1139,おどるピンクペンギン,,,,,,
gawa_wawa,がわわわ,,,,,,
yumenkmc,nekomo,,,,,,
LaCeys_ES,れいしす,,,,,1,
_hisai_sengaku_,せんがく,,,,,,
ki_ga_6hon,葉森 しき,,,,,,
shinrintei,やきねぎ,,,,,,
ihakenasi,いとけなし,,,,,,
Abyshumi,あびしゅみ,,,,,,
laclatolito,カニバリ玉手箱,,,,,,
PeakyMonsters,ピーキーモンスターズ公式,,,,,,
lins_of_fortune,塵塚りんす,,,,,,
u_ttackl_,pan,,,,,,
tnkt_syuy,豚骨醤油(チャーシュー大盛),,,,,,
CafeIN9610,Cafe院9610,,,,,,
uozmmy,うおずみ,,,,,,
6AnmBBLFNJUeEff,ひさこ,,,,,,
___whowhowho,よざい,,,,,,
you__ogami,大神　葉酸,,,,,,
6ml6lm,xml,,,,,,
piya_maap,ぴーやま,,,,,,
Yoyo37695224,Yoyominago,,,,,,
aiu404l,aiu,,,,,,
ki_ri_ma_,霧間,,,,,,
san3tou,三十,,,,,1,
wasang_pong,WASANG PONG,,,,,,
tatenosettan331,立　雪譚,,,,,1,
nunske_kamo,ぬん五右衛門,,,,,,
des__8888,カガリ,,,,,,
Kina2ki_,きなづき,,,,,,
kagari_yyy,ゆーかがり,,,,,,
room_of_101,101号室(裏),,,,,,
hatiba_08,むうはちば8号,,,,,,
sumitubame,すみつばめ,,,,,,
Kirikochandayo,きりしま きりこ,,,,,,
dsmk_t,だしまき,,,,,,
sakuranohana_ab,しらたき太郎丸,,,,,,
shioyano,塩家,,,,,,
Yuitoga,ゆいと,,,,,,
asagiyumina,浅木弓奈,,,,,,
fuzichoco,藤ちょこ,,,,,,
AKlHlYO,akihiyo,,,,,,
ilice_suiten,アイリスさん,,,,,,
kenken6unk,かんゆ,,,,,,
okisiberon_2,象さん,,,,,,
dekasugidaro,貧乳,,,,,1,
tsubame_return,秘剣つばめ返し,,,,,,
nejishiki0221,ねじ式,,,,,,
ringo3satanout,リンゴさん,,,,,,
odyknms,odyk,,,,,,
e____pu,えぷさぶ,,,,,,
not_not_oyasame,おやさめ,,,,,,
Y835884,やぬ,,,,,,
ohmochi_q0w0p_,晩御飯呟太郎,,,,,,
mamenomegadeta,まめまめま,,,,,,
nakita_sick,光が入ってきた,,,,,,
kkn_nt_,垣根,,,,,,
phos_3,せりしろ,,,,,,
Kurumiko67,67,,,,,,
RiceC00ker7,切开引流,,,,,,
kiwi_sakimii,おもちねぎ,,,,,2,
NeCo3Ne5,ネコミねこ,,,,,,
azisabasa,アジサバ,,,,,,
syatifuma,しゃちふま,,,,,,
oihsii_kani,とわ蟹,,,,,,
01mado_children,まど子,,,,,,
amosg25,あもす,,,,,,
huwa2hi,ふわひ,,,,,,
huwahuwahibiki,ふわふわ響,,,,,,
gy57717865,.。gy,,,,,,
tttt_ttto,っとぽこ,,,,,,
sabusakinanoko,サブ崎なのこ,,,,,,
hidakaui,日高うい,,,,,,
natume_5108,なつめ,,,,,,
ydkzdoodle,庵,,,,,,
BuleCat168,Aoichi,,,,,,
ktnhsis,琴葉姉妹が好きになる,,,,,,
Underrr727,かしおれ,,,,,,
YamadaPresident,プレジデント山田,,,,,,
52_1hz,ふるはと,,,,,,
yuki_ae_yuki,雪和え,,,,,,
UnrealRod,Unrealgwyn,,,,,,
kan_267,かに缶,,,,,,
ccnm617,ここなま,,,,,,
rinen_19,りねん,,,,,,
haru1suama,須天,,,,,,
reverinth,reverinth,,,,,,
ukatu204,うかつ,,,,,2,
BANANANOSONGEN,愚怠Gutai,,,,,,
CookRock220331,クック,,,,,,
sus304_a,さす,,,,,,
yoyokanman,よーかん,,,,,,
forsythia13579,さくらとけなり,,,,,,
Chiru_0106,Chiru,,log,,,,
AcFj8gSUKH66625,ワジート,,log,,,,
bp17522574,B/P,,log,,,,
niteyoshi_y,にってちゃん,,log,,,,
eretto_,えれっと,,log,,,,
supimo_12,すぴも,,log,,,,
nekofood_lima,Lima,,log,,,,
HuubokuCaed,Đecα,,log,,,,
ktr_mic,こた,,log,,,,
yaponishi,yapo,,log,,,,
SIAN_FKP_37,SIAN,,log,,,,
a_to_z,あずまあや,,log,,,,
erisize,なつめえり,,log,,,,
tamayan2nd,たまやん,,log,,,,
korokoroudon,ののこ,,log,,,,
syuri22,syuri22,,log,,,,
solisolsoli,soli,,log,,,,
auhuheben17,あうふふ,,log,,,,
doku_santyu,毒さんちゅ,,log,,,,
Lila_llop,ネコメガネ,,log,,,,
sakuramizuki_y,花見月やちか,,log,,,,
nakanikki,なかにしゆうた,,log,,,,
hanyingcl,latextex,,log,,,,
wd_kuyokuyo,くよう (Kuyoh),,log,,,,
demetrio_ai,でめ_AI,,log,,,,
nao_tamo44,メガずんだもん,,log,,,,
kosame_san,小雨前線,,,,,,
shige_12,師走のヒゲ,notice,,,,,
siwasunohige,師走のヒゲ,notice,,,,,
nichijou_hige,師走のヒゲ,notice,,,,,
kwiozsn,組長,,,,,,
chobotbot,みたらしテリー,,log,,,,
arikomenman,在り,notice,,,,,
Itumade3,ヨハネ,notice,,,,,
rrrr_chocomint,らりるれ子,,,,,,
rarirure_rirure,らりるれ りるれ,,,,,,
togino_neko,とぎの,notice,,,,,
gura_koneko,とぎの,,,,,,
minamisuwari,南すわり,,,,,,
punimeito,ぷにめいと,,,,,1,
u_punimate,ぷにめいと,,,,,1,
V3rMDkNLki53PWl,−75℃(なご),notice,,,,1,
kenzenkkhu,かきほう,,,,,,
readmi_122,りあどみ🔞,notice,,,,,
serutorarin_,せると,,,,,,
fun_bo,ふんぼ,,,,,,
oisiiidoo,𓆝,,,,,,
pankoniki,パン粉ニキ,,,,,,
yodakanotempura,t,,,,,,
hokorimam,ほこりまみれ,,,,,2,
sumimeno,墨之 御南,,log,,,,
ku_ki_9393_2nd,9さい,,,,,,
oreizmmiporin,へにゃーん,,,,,2,
micoazi,みこ。,,,,,,
42kuri_,42栗(しずくり),,,,,,
ro___74,R,,,,,,
sakadynamic,逆ダ(skeb受付中),,,,,,
714kotehan,@コテハンないよ,,,,,,
kiro_0517,帰路,,,,,,
putyuout,【友達】プチュ,,,,,,
senri__,senri,notice,,,,,
kanigirotin,ゆわもあ,,,,,,
negima_com_jp,音岸 真桜（ねぎし まお）,,log,,,,
koron_kou,コロンコウ　(ピッコロ大魔王),,,,,,
nao_774,nao,,,,,,
akihablpr,アキハ,notice,,,,,
klkyo_,妃喬,,,,,,
kitakari_art,きたあかり,,,,,,
oimogoukin,超合金ぽてと,,,,,,
x1rkuenn,楽園脳薬X¹思想研究局,notice,,,,,
youyumekun,妖夢くん,,,,,,
runningpty,PTY,,,,,,
s7_d82,須藤,,,,,2,
nana__25__na,ににこ,,,,,,
zeke_hdash,h'(エイチダッシュ),,,,,1,
hz84997592,へるつ🔞,,,,,,1696534910499270658
nachu_deepfried,なちゅのあげびだち,notice,,,,,
xuelangut114,雪狼UT,,,,,,
nowanosuke_6959,のわのすけ,,,,,,
kinuikei,絹井けい　@お仕事承り候,notice,,,,,
tuyukusa_aaa,つゆ草🌱,,,,,,
_ko25n,こにこ,,,,,,
inchkshw,犬畜生🔞COMITIA155つ24b,,log,,,,
sakamoto0758,イレイナ推し！さとちゃかチャンネル,,log,,,,
tori33,鳥三@CG集製作中,,,,,,
mukagomumumu,むかご,notice,,,,,
26068055,ばばりろ,,,pixiv,,,
morizoshop,森ZÖ,,,,,,
superunagi0000,うなぎうなぎ,,,,,,
rakugaki_pinch,りチ🔞,notice,,,,,
68480688,妖夢くん,,,pixiv,,,
100269157,iXia,,,pixiv,,,
100300626,毒さんちゅ🥬,,,pixiv,,,
100676310,桜多丸,,,pixiv,,1,
101008732,らいすけーく,,,pixiv,,1,
10146697,描き人しらず,,,pixiv,,,
101951255,よじね,,,pixiv,,,
102123060,まっちうり,,,pixiv,,,
10308922,アマネレイ,,,pixiv,,,
10359147,はかり,,,pixiv,,1,
103667685,もや,,,pixiv,,,
103912433,たぬざか,,,pixiv,,1,
104934028,まがお,,,pixiv,,1,
1049371,Sumii,,,pixiv,,,
10519133,みやヨキ,,,pixiv,,,
105192285,ウコッケイ,,,pixiv,,,
105579458,あづ,,,pixiv,,,
105867058,くるみ,,,pixiv,,,
10613236,捅不死的大咕咕,,,pixiv,,,
10619,乾ぬい,,,pixiv,,,
106540817,仏鉢,,,pixiv,,,
106562283,そむ゙ (somvu),,,pixiv,,,
107659461,鳥のはこにわ。,,,pixiv,,1,
10799941,逸機,,,pixiv,,,
109106351,muchimu,,,pixiv,,,
1091774,鶏肉,,,pixiv,,,
109459334,まろさん,,,pixiv,,1,
1096361,kotoinari,,,pixiv,,,
109722860,mamiro,,,pixiv,,,
109783785,すけのす,,,pixiv,,,
11030692,フィーさん,,,pixiv,,1,
1108775,蛸壷屋,,,pixiv,,,
11091,薄,,,pixiv,,,
11091471,なまうに,,,pixiv,,,
111035658,おむ,,,pixiv,,,
111239362,かきけけ,,,pixiv,,,
1113943,ももこ,,,pixiv,,,
111409670,梔子,,,pixiv,,,
11145268,ずんく,,,pixiv,,,
111520875,ガンマユウ,,,pixiv,,,
11161,4040(4059),,,pixiv,,,
111872,鍵さび,,,pixiv,,,
111912744,尾持ち,,,pixiv,,,
112839,kie,,,pixiv,,,
1135301,きんじ,,,pixiv,,,
11391415,樽摩,,,pixiv,,,
114610773,爆乳,,,pixiv,,,
1146982,うに曹長,,,pixiv,,,
114852360,ファン,,,pixiv,,,
11589991,涼貓,,,pixiv,,,
11593907,ちの,,,pixiv,,,
11613038,サエク,,,pixiv,,,
116179,Asterisk,,,pixiv,,,
11671958,ガードベント淳,,,pixiv,,,
118075545,黒田所,,,pixiv,,1,
118506023,軌思るぅべ,,,pixiv,,1,
1186517,ZooAnime,,,pixiv,,,
1196585,徳川ほおずき,,,pixiv,,,
119735368,立葵,,,pixiv,,1,
12008048,k.a.256,,,pixiv,,,
12013892,しか,,,pixiv,,1,
12048993,まなろう,,,pixiv,,,
1209683,円周率π,,,pixiv,,,
12155158,よぱん男爵,,,pixiv,,,
12304276,ゆうぐれな,,,pixiv,,,
12406808,人楽愛一,,,pixiv,,,
12412292,さりい・Ｂ,,,pixiv,,,
1261033,kotomie,,,pixiv,,,
12614988,酢酸,,,pixiv,,,
12776910,nanagi,,,pixiv,,1,
1304081,こうば,,,pixiv,,1,
1311751,マサラン,,,pixiv,,,
13180,あぼかどたまねぎ,,,pixiv,,,
1319535,毒菜,,,pixiv,,,
13201282,あるすーか,,,pixiv,,,
1324382,まっく,,,pixiv,,1,
132726,Musasin,,,pixiv,,,
13338423,わさびすけ,,,pixiv,,,
1347561,ぽろねぎ秋例かー67b,,,pixiv,,,
13561315,ぶらんちゃっと,,,pixiv,,,
135786,うぃす,,,pixiv,,,
13772230,サワシ,,,pixiv,,,
14000716,トクヲツム,,,pixiv,,,
140163,かごのとり,,,pixiv,,,
14028509,つなこ,,,pixiv,,,
1408324,☢核燃黑猫☢,,,pixiv,,,
1410685,きだち,,,pixiv,,,
14120806,Nyong_Nyong,,,pixiv,,,
14186625,Sasibi,,,pixiv,,,
14380259,どべぽぽん,,,pixiv,,,
144371,りょうご,,,pixiv,,,
14493034,たしかなまんぞく,,,pixiv,,,
14510321,すっぱい本みりん,,,pixiv,,,
14686276,あさのねる,,,pixiv,,,
1472125,アバンドン蘭花,,,pixiv,,,
1474957,綾文,,,pixiv,,,
1476810,セナ,,,pixiv,,,
14927957,Indigo,,,pixiv,,,
14964323,メイビィ,,,pixiv,,1,
1504297,杉浦次郎,,,pixiv,,,
15063,肋兵器,,,pixiv,,,
15070076,淀澄オリ,,,pixiv,,,
1507561,ソラリス(Solarisu),,,pixiv,,,
1508165,ryosios,,,pixiv,,,
15110442,雪兎のあ,,,pixiv,,1,
15147736,かしすお,,,pixiv,,1,
153451,ノヤ,,,pixiv,,,
15351527,tama,,,pixiv,,1,
153582,ジロー 2日目 南0-35a,,,pixiv,,,
15423708,休憩うさぎ,,,pixiv,,,
15607112,コテハンないよ,,,pixiv,,,
1566535,ゆたまろ,,,pixiv,,,
15684072,いたる,,,pixiv,,,
15735521,いろどりかえる,,,pixiv,,,
1574065,猫頭巾,,,pixiv,,,
1579138,たぶん,,,pixiv,,,
15949588,hibino,,,pixiv,,1,
1598085,兎沢,,,pixiv,,,
159912,ねことうふ,,,pixiv,,,
16033948,弦白,,,pixiv,,1,
16083700,ビリジアン,,,pixiv,,,
16129917,篠＝ミヤ,,,pixiv,,,
1616836,羽織haori,,,pixiv,,,
1618600,りあな,,,pixiv,,,
165814,しじみ,,,pixiv,,,
165881,北斗,,,pixiv,,,
1668630,ND,,,pixiv,,,
1675811,メイス,,,pixiv,,2,
1677735,S.Oチン,,,pixiv,,,
168179,ポノイエ,,,pixiv,,,
16868574,予算＠FANBOX始めました,,,pixiv,,,
16872619,綺月るり,,,pixiv,,,
16991222,ヨイコワルツェネガー,,,pixiv,,,
170,みずきひとし,,,pixiv,,,
1700201,ルヒカ,,,pixiv,,,
17117,煎兵衛,,,pixiv,,,
1730300,水々,,,pixiv,,,
173260,ひそな,,,pixiv,,,
17344975,kamatama,,,pixiv,,,
17387368,灰田よしひろ,,,pixiv,,,
17465525,Starmilk,,,pixiv,,,
1753682,ヌメりん,,,pixiv,,,
17543673,shigaruru,,,pixiv,,1,
17800391,Unrealgwyn,,,pixiv,,,
1793597,きさら,,,pixiv,,1,
18065282,shan,,,pixiv,,,
18177753,高地さかな,,,pixiv,,,
18497071,TobeY,,,pixiv,,1,
18583166,ネ暗イト,,,pixiv,,,
18584869,春藤平四郎,,,pixiv,,,
18587182,二股試験管,,,pixiv,,,
18643477,あオ,,,pixiv,,1,
1875134,トゥーミ,,,pixiv,,,
1877631,NMLND,,,pixiv,,,
18815634,TeKeNo,,,pixiv,,1,
18918992,もやし炒め,,,pixiv,,,
18936955,姉妹ちゃん好きな生物,,,pixiv,,,
1907158,鼓膜住職,,,pixiv,,,
19187107,GOCABO,,,pixiv,,,
192808,tog.,,,pixiv,,,
19369788,salt,,,pixiv,,,
1938163,春若のろし,,,pixiv,,,
194211,火鳥（ヒトリ）,,,pixiv,,,
19478460,chibikki,,,pixiv,,,
1957609,新島秋一,,,pixiv,,,
1960050,torino,,,pixiv,,,
19885975,梅まろ,,,pixiv,,,
19923,古川メーキモ,,,pixiv,,,
19959424,なご(75),,,pixiv,,1,
200059,山桃,,,pixiv,,1,
20095255,しらおり,,,pixiv,,,
2014560,あざか,,,pixiv,,,
2030438,七月夏希,,,pixiv,,,
203055,綾樫,,,pixiv,,,
20427121,すのまたしろ,,,pixiv,,,
20428582,にゃんちゃ,,,pixiv,,,
20460267,左右田,,,pixiv,,,
2055087,むにさが,,,pixiv,,,
207827,糸麦くん,,,pixiv,,1,
20784783,こしひかり,,,pixiv,,,
20796201,ケンサイトウ,,,pixiv,,,
20818656,或窓,,,pixiv,,1,
20861884,鳩かに,,,pixiv,,,
20884806,ななしきりん,,,pixiv,,,
20926215,たみく,,,pixiv,,,
21131421,やまさき いる,,,pixiv,,,
2115095,レイナル,,,pixiv,,,
21153621,しゃく,,,pixiv,,,
21200850,ponkan303,,,pixiv,,,
2134096,もよこ,,,pixiv,,,
2150239,るい,,,pixiv,,,
21571234,subarick,,,pixiv,,1,
2179695,羽々斬,,,pixiv,,,
218520,ミサキえんじゅ,,,pixiv,,1,
22100677,電ǂ鯨,,,pixiv,,,
2210965,びよん,,,pixiv,,,
22198273,Sachisu,,,pixiv,,,
2223625,桧野 拓海,,,pixiv,,1,
22733898,初白まみむ👾,,,pixiv,,,
22815228,朧気,,,pixiv,,1,
229788,夢ノ内,,,pixiv,,,
2305731,らむ,,,pixiv,,,
2324904,ナカシマ723,,,pixiv,,,
2331748,ALISON,,,pixiv,,,
2354684,たなすけ@C107新刊委託中,,,pixiv,,,
23592008,ぺんぺけ,,,pixiv,,,
23758264,マルシエン2,,,pixiv,,,
23800170,飛者,,,pixiv,,,
2413365,空どうふ,,,pixiv,,,
2453550,risui,,,pixiv,,,
24572621,cream.parfait,,,pixiv,,,
24643674,リチャード,,,pixiv,,,
24782416,浮浪者,,,pixiv,,,
2520952,カンパ,,,pixiv,,1,
25228,雪,,,pixiv,,,
25243007,めめお,,,pixiv,,,
2531519,ねぎしのれん,,,pixiv,,1,
25633439,しおバター (無塩),,,pixiv,,,
25887837,むっく氏,,,pixiv,,,
25904,みぅく(はすみみるく),,,pixiv,,,
260958,雪傘,,,pixiv,,1,
2613265,夏樹テル,,,pixiv,,1,
2622803,ゾウノセ,,,pixiv,,,
26267972,せろめた,,,pixiv,,,
26331603,クラウン提督,,,pixiv,,,
26365464,くうねる,,,pixiv,,,
26576904,Roro。,,,pixiv,,,
2665577,ふつき,,,pixiv,,,
26750883,kajatony🐣,,,pixiv,,,
26815273,こんくてん。,,,pixiv,,1,
2684343,茜りう@ともペン単行本発売中！,,,pixiv,,,
26899441,UNIME,,,pixiv,,,
26928770,このり,,,pixiv,,,
26948351,CHocARAte,,,pixiv,,,
26990649,でんきえんざんき,,,pixiv,,1,
27105384,おかしらもっぷ,,,pixiv,,,
27214310,枫雨猫巷,,,pixiv,,,
2736987,犬すき,,,pixiv,,,
27389829,びんちょうまぐろ,,,pixiv,,,
27452,晩杯あきら,,,pixiv,,,
27517,藤ちょこ（藤原）,,,pixiv,,,
2757666,よしの,,,pixiv,,1,
27599943,タマﾁｬﾝ,,,pixiv,,1,
278300,アベ,,,pixiv,,,
28323753,mau,,,pixiv,,,
2844869,toguro,,,pixiv,,,
28581910,ふたば鳴,,,pixiv,,,
28640915,UranosEBi,,,pixiv,,,
28641232,ふれれ,,,pixiv,,1,
2869548,UMA56（隣野ゆうま）,,,pixiv,,,
28846192,三元豚あまえ,,,pixiv,,,
28855649,群青狼,,,pixiv,,1,
28890436,ホシモチ,,,pixiv,,1,
29036341,ゆーれ,,,pixiv,,1,
292297,rakugaki-kt,,,pixiv,,,
2932493,デムサトUDMP犬飼鉄壁,,,pixiv,,,
2938678,寿司勇者トロ,,,pixiv,,,
29390675,こおにたびらこ,,,pixiv,,,
294970,春雨,,,pixiv,,,
29814813,たそかれ,,,pixiv,,1,
29861664,じっくりトコトコ,,,pixiv,,1,
29921671,コルティ,,,pixiv,,,
29942,日下氏,,,pixiv,,,
30001552,めじろーす,,,pixiv,,1,
30130030,ぴあき,,,pixiv,,,
30137129,あゆ,,,pixiv,,,
3017577,海野プリン,,,pixiv,,,
30231734,やきざかな,,,pixiv,,,
304123,Sui.,,,pixiv,,,
30455507,あほえーる,,,pixiv,,1,
30837811,ヒトこもる,,,pixiv,,,
30881,樋川かずや,,,pixiv,,,
30893188,ひまじん,,,pixiv,,,
30893515,たったに,,,pixiv,,,
30981309,koaze,,,pixiv,,1,
31138436,チョロあっとはにー,,,pixiv,,,
31161398,𝚑𝚊𝚜𝚎𝚒,,,pixiv,,,
31186300,身,,,pixiv,,,
31339955,保つ もなか,,,pixiv,,,
31360140,小田修紀,,,pixiv,,,
3136406,にるのん,,,pixiv,,,
31364937,noji,,,pixiv,,1,
31395205,そるんぱ,,,pixiv,,,
31472484,MATOPE,,,pixiv,,,
31489080,CAFFEINE,,,pixiv,,,
31536695,あづきねこ@あずきねこ,,,pixiv,,,
31970494,higen,,,pixiv,,,
3204126,はるの柘榴,,,pixiv,,,
32229939,ふろばい,,,pixiv,,,
32272184,すかいけい,,,pixiv,,,
32467978,相田裕,,,pixiv,,,
32489487,しらのめ,,,pixiv,,1,
3250981,みもと,,log,pixiv,,,
32524357,nohoshio💫,,,pixiv,,,
3271214,バロン,,,pixiv,,,
32791521,すけのーた,,,pixiv,,1,
3282261,えすれき＠垢移行,,,pixiv,,,
32838600,えびごはん,,,pixiv,,,
32922780,青柳,,,pixiv,,,
33254274,手巻,,,pixiv,,,
33333,ポ～ン（出水ぽすか）,,,pixiv,,,
3344911,テス,,,pixiv,,,
33486215,なゆた/futaba🌱,,,pixiv,,,
33488564,ガス欠さん太郎,,,pixiv,,,
33787559,音惚-Otoboke,,,pixiv,,,
33960298,イオフモール,,,pixiv,,,
340299,にひまる,,,pixiv,,,
3410642,かれい,,,pixiv,,1,
341433,Nardack,,,pixiv,,,
34274728,sy4,,,pixiv,,,
34283625,ひかがみ,,,pixiv,,,
3435126,葉森 しき,,,pixiv,,,
3441591,さよなか,,,pixiv,,1,
3442351,アルマジロ,,,pixiv,,1,
34467081,ひいらぎ,,,pixiv,,,
3447787,majamari,,,pixiv,,,
3459560,ぽろぽ,,,pixiv,,,
34768399,うー玉,,,pixiv,,1,
34854698,やなれお,,,pixiv,,1,
34938014,天音ナツシロ＠,,,pixiv,,,
35154286,店長神北,,,pixiv,,,
35279138,かわやばぐ,,,pixiv,,,
3552672,千歳茶　幽時,,,pixiv,,,
358669,伊藤ハチ,,,pixiv,,,
35942105,骨太郎,,,pixiv,,1,
36049941,うづ,,,pixiv,,,
3615455,えなみ教授,,,pixiv,,1,
367385,夢寐ありす,,,pixiv,,,
3681170,ShiF,,,pixiv,,,
36942987,ちむちむ,,,pixiv,,,
37088255,総桜しわす,,,pixiv,,1,
3718340,京田スズカ,,,pixiv,,,
37304793,おえすＧ,,,pixiv,,,
373572,葵月茶月（あおつきさつき）,,,pixiv,,,
37432797,せるたす,,,pixiv,,1,
37443836,戦場のメリークリスマス,,,pixiv,,,
3746,クレセント,,,pixiv,,,
3748123,ほし,,,pixiv,,,
37659923,鷹館,,,pixiv,,,
3768153,ぱんまつり,,,pixiv,,,
3775290,水無瀬,,,pixiv,,,
37868780,【友達図鑑】プチュ,,,pixiv,,,
37957507,べえこま,,,pixiv,,1,
38106627,犬山コナン,,,pixiv,,,
3811484,よう,,,pixiv,,,
38168316,霧間,,,pixiv,,,
38218775,muraryo,,,pixiv,,,
38330,博紀,,,pixiv,,,
38335116,カガリ,,,pixiv,,,
38374065,ナごと,,,pixiv,,,
38395820,みみくりー,,,pixiv,,,
3850281,nao3,,,pixiv,,,
385307,プーアカちゃん🐇,,,pixiv,,,
38539117,はーりゃん,,,pixiv,,,
3865371,うに,,,pixiv,,1,
38930862,いっせー,,,pixiv,,,
389885,女王陛下,,,pixiv,,,
3921111,イチルギ,,,pixiv,,,
39533803,シダラ フ,,,pixiv,,,
40225505,ま寿く,,,pixiv,,,
40392390,Atarute,,,pixiv,,,
40639,yaise(機能停止,,,pixiv,,,
408338,Noなし人間,,,pixiv,,,
413517,ぷろこ,,,pixiv,,,
4173422,戌田ハチ,,,pixiv,,1,
41939040,染色まみれ,,,pixiv,,,
42217598,いとはり,,,pixiv,,,
42276572,Tomorrow,,,pixiv,,,
4257060,友紀沙,,,pixiv,,,
42935112,もっふっふ,,,pixiv,,1,
42949,ゆぬきうた,,,pixiv,,1,
4328981,江尾,,,pixiv,,,
4329613,かんゆ,,,pixiv,,,
4382649,いろざかな,,,pixiv,,2,
4394016,赤島,,,pixiv,,,
44012732,坂田,,,pixiv,,,
4404115,tukasa,,,pixiv,,,
44342961,ナンコツ,,,pixiv,,,
4436,福岡太朗,,,pixiv,,,
44372725,あずももも,,,pixiv,,,
444675,御免なさい,,,pixiv,,,
4448169,ҠعSႯunu~Ⴏu,,,pixiv,,,
446171,おみなえし,,,pixiv,,,
4492436,古陰うゆり,,,pixiv,,,
4500363,ゥンコス,,,pixiv,,,
45186638,すん,,,pixiv,,,
45398284,たせせ,,,pixiv,,,
4567855,井上とさず,,,pixiv,,,
456961,sein,,,pixiv,,,
45741452,ナガサワ,,,pixiv,,,
457987,裏側,,,pixiv,,,
45830,木五倍子@えふえふえふ,,,pixiv,,,
4598085,在り　,,,pixiv,,,
4613554,あ～るさん,,,pixiv,,,
4613940,桧,,,pixiv,,,
464,FBC,,,pixiv,,,
464309,雪雪崩清隆　,,,pixiv,,,
4667924,NOV4VOID,,,pixiv,,,
46713640,vszrt,,,pixiv,,,
4674731,このほし,,,pixiv,,,
4725352,リョーサン,,,pixiv,,,
47357644,ひな瀬⭐️,,,pixiv,,,
4746461,ヤマセミ,,,pixiv,,,
4761638,明るさファジー,,,pixiv,,1,
4774186,あきひら,,,pixiv,,,
4790,ぢせ,,,pixiv,,,
4823812,白山どんどゅるま,,,pixiv,,,
482483,きびさけ,,,pixiv,,,
48456,鵜飼沙樹,,,pixiv,,,
4896339,ぺろぽねそす🌱連載中,,,pixiv,,,
491123,みるくぱんだ,,,pixiv,,,
4920496,dairi,,,pixiv,,,
4935,Ixy（いくしー）,,,pixiv,,,
49675420,かめぱすた,,,pixiv,,,
49911455,hama2mi,,,pixiv,,1,
50107204,れいしす,,,pixiv,,1,
5015653,なのにんげん,,,pixiv,,,
50307153,ゆずしな,,,pixiv,,,
50532495,白髪,,,pixiv,,,
5056177,あまぎ成,,,pixiv,,,
51095911,サンキュー・シャトル,,,pixiv,,,
513732,Nation,,,pixiv,,,
51421230,偽おやさめ,,,pixiv,,,
51421366,Anri@skeb募集中！,,,pixiv,,,
51823765,よざい,,,pixiv,,,
51861762,ててんか,,,pixiv,,,
5188778,綿本おふとん,,,pixiv,,,
5236447,ふーあ,,,pixiv,,,
52381471,コン,,,pixiv,,,
52920466,ムギちょこ,,,pixiv,,,
52987608,青太,,,pixiv,,,
53074719,山風P,,,pixiv,,1,
53993,かにかま,,,pixiv,,,
54339752,宙,,,pixiv,,,
54516520,そる,,,pixiv,,,
54651277,かすみそう,,,pixiv,,,
54926,ぼし,,,pixiv,,,
55163289,はわ男,,,pixiv,,,
5516908,穣樹,,,pixiv,,,
55363374,risui,,,pixiv,,,
55578378,無た。,,,pixiv,,,
55841145,九曜,,,pixiv,,,
55975561,日々ツナ,,,pixiv,,,
56071992,ぴえなめ,,,pixiv,,,
5607882,つきみりん,,,pixiv,,2,
5626224,こぞう,,,pixiv,,,
56367108,みど,,,pixiv,,,
564600,桜井 あきら,,,pixiv,,,
56529134,林檎の兎,,,pixiv,,,
56539374,chan,,,pixiv,,,
566057,ミゲルふとし,,,pixiv,,,
56722153,のわる,,,pixiv,,1,
56928655,76,,,pixiv,,,
5701254,ゆあま,,,pixiv,,,
5707853,むいと,,,pixiv,,,
5741727,もちしく,,,pixiv,,1,
5742084,今宮ぴの子@FANBOX更新中,,,pixiv,,,
57667444,なお,,,pixiv,,,
5828397,がちおねむ,,,pixiv,,,
58711751,らーどら,,,pixiv,,,
5900109,クウ,,,pixiv,,1,
59142535,あ鳥,,,pixiv,,,
6032908,parrmark,,,pixiv,,,
6035423,ほ～さく,,,pixiv,,,
6049901,鬼针草,,,pixiv,,,
60501461,こんにゃくねこ,,,pixiv,,1,
60502933,Qbit,,,pixiv,,,
60992129,++,,,pixiv,,2,
61330596,nerutti,,,pixiv,,,
613814,チャプス,,,pixiv,,,
61387509,てぺぺぺ,,,pixiv,,,
6219028,ジェット虚無僧,,,pixiv,,,
63045325,はくまい,,,pixiv,,,
63384043,十久灯くてん,,,pixiv,,2,
63972879,もちくらげ,,,pixiv,,,
6424326,ネリ夫,,,pixiv,,,
64432671,hoge,,,pixiv,,,
6478669,晃,,,pixiv,,,
65158398,ﾊYU,,,pixiv,,,
65246593,エス (S),,,pixiv,,,
65299362,うにみかん,,,pixiv,,,
65308,SeNMU,,log,pixiv,,,
6593921,ぽち,,,pixiv,,,
66301199,YSJIN4,,,pixiv,,1,
6634476,Tuck坦,,,pixiv,,,
6646800,syumi,,,pixiv,,1,
66504089,みそスープ,,,pixiv,,1,
6653416,ひふみねじれ,,,pixiv,,,
668741,桐谷,,,pixiv,,,
671593,Hitsu,,,pixiv,,,
67263759,そいび～んきゃのん,,,pixiv,,,
67319331,あいう,,,pixiv,,,
6780302,tetrapod,,,pixiv,,,
67836452,溺　英恵,,,pixiv,,,
67855584,sug,,,pixiv,,,
68044450,人間,,,pixiv,,,
694951,桜野 涼風,,,pixiv,,,
69740112,沿線電話機,,,pixiv,,1,
7026468,エ-リオット,,,pixiv,,1,
70307725,iname,,,pixiv,,,
705122,おやすみまくら,,,pixiv,,2,
70606465,おもちねぎ,,,pixiv,,2,
70711,どら,,,pixiv,,,
7088756,あい,,,pixiv,,,
71101491,TAMIO,,,pixiv,,,
71274865,NMKK,,,pixiv,,,
71724401,00000_喵,,,pixiv,,,
72072053,曷西,,,pixiv,,,
7216525,そらに,,,pixiv,,,
72342,774,,,pixiv,,2,
731024,八ク寺Ｐ,,,pixiv,,,
73171534,雨降夜,,,pixiv,,,
73663048,nakatomi,,,pixiv,,,
73851230,Arster_,,,pixiv,,,
740366,けーあーる,,,pixiv,,,
74184,零,,,pixiv,,,
743778,あきらめ,,,pixiv,,,
74581325,うに²,,,pixiv,,,
74933322,せりしろ,,,pixiv,,,
75400000,11階,,,pixiv,,,
75677,じる,,,pixiv,,,
7572427,K.,,,pixiv,,,
760317,スイカデッキ,,,pixiv,,,
76048,しろし,,,pixiv,,,
76050360,G4ku,,,pixiv,,,
76420999,prim,,,pixiv,,,
76578425,須天(はるいち),,,pixiv,,,
7682823,冬宮紀沙,,,pixiv,,,
76859351,ニョロ,,,pixiv,,1,
7696500,さむ,,,pixiv,,,
7719657,マグナ,,,pixiv,,,
77206911,堀,,,pixiv,,,
77537133,襟,,,pixiv,,,
77861981,夜宮せつ,,,pixiv,,,
78021292,futon,,,pixiv,,,
782478,芦山,,,pixiv,,1,
78406183,穰雀,,,pixiv,,,
78491776,ルアー^ЮωΘ,,,pixiv,,,
78618273,ぼたんかんでんち,,,pixiv,,1,
78640292,サー,,,pixiv,,,
78872596,粕家梅庵,,,pixiv,,,
7908266,🍢師走のヒゲ,,,pixiv,,2,
792583,ゆえななつき,,,pixiv,,,
79312571,アキノ,,,pixiv,,1,
7939132,鳥葛,,,pixiv,,,
7949284,KSRS,,,pixiv,,,
80050982,ととみや 寧,,,pixiv,,,
80542631,直青（ひたあお）,,,pixiv,,,
80918155,はくし,,,pixiv,,1,
8106349,ユキノアサン,,,pixiv,,1,
81234374,Rain_flowhen,,,pixiv,,,
81408842,あるぺ塩,,,pixiv,,,
81623903,円坩,,,pixiv,,1,
81653648,Chiru,,,pixiv,,,
81911335,トリアタマ,,,pixiv,,,
819273,アリヌ,,,pixiv,,,
8193769,まくらく,,,pixiv,,,
82442512,あまわすぷ,,,pixiv,,,
82462427,墨山スイ,,,pixiv,,,
82597029,kユ,,,pixiv,,,
82750695,すみつばめ,,,pixiv,,,
83322949,vnsg,,,pixiv,,,
840010,ちー(*ﾟーﾟ),,,pixiv,,1,
85336935,サカダケイ,,,pixiv,,,
85364402,仮想フラクタル,,,pixiv,,,
853997,イテス,,,pixiv,,,
8543545,縞城依月,,,pixiv,,,
8578618,ねるぞう,,,pixiv,,,
85815022,伊里@鈴とランチョンマット,,,pixiv,,,
858374,洗濯船,,,pixiv,,2,
85854192,てっきんだー,,,pixiv,,,
86121910,Matsunari,,,pixiv,,,
86166192,Nzz(なず),,,pixiv,,,
8646,そんそん,,,pixiv,,1,
86819063,n_,,,pixiv,,,
8688616,ｾｷｾｲ,,,pixiv,,,
88534474,結城 結月ʕ • • ʔ,,,pixiv,,,
88573091,なきり,,,pixiv,,1,
88719,四ラユメ（Skeb始めました）,,,pixiv,,2,
89516281,六炉ロロ,,,pixiv,,2,
90932597,AstralAp,,,pixiv,,2,
91067972,Yoyominago,,,pixiv,,,
91087586,片栗猫,,,pixiv,,,
9114556,秋巻ゆう,,,pixiv,,,
9146337,みかん氏,,,pixiv,,,
91566096,がでん,,,pixiv,,,
91623159,夢川あいす,,,pixiv,,,
92032961,甘海老燕,,,pixiv,,2,
92337398,鮭そーこ,,,pixiv,,,
92661181,疎水はり,,,pixiv,,1,
92668775,寒冷とうこ,,,pixiv,,1,
9272259,でぃーえる,,,pixiv,,2,
93451675,よなし,,,pixiv,,,
93492518,スライム！,,,pixiv,,,
93963977,わさんぽん,,,pixiv,,,
9408497,櫛玉ミナカ,,,pixiv,,,
941624,まくわうに,,,pixiv,,,
94165420,がまうお,,,pixiv,,1,
94223051,さけ,,,pixiv,,1,
94326956,数値迷子(NaN),,,pixiv,,,
9440,樹人,,,pixiv,,,
946783,ろけ,,,pixiv,,,
94798177,わにぐも,,,pixiv,,,
95246561,ukey,,,pixiv,,,
952754,フウザサ,,,pixiv,,,
95917525,ずぬさま,,,pixiv,,,
95934181,たけしたささみ,,,pixiv,,,
96359559,ローカル,,,pixiv,,,
97696174,くもがらす,,,pixiv,,,
9861985,カメロー,,,pixiv,,,
98987416,ジト目をすころう,,,pixiv,,2,
990017,ryota,,,pixiv,,,
99084718,ゆゆのすけ.,,,pixiv,,1,
9964034,立　雪譚,,,pixiv,,1,
99915,沿線電話機,,,pixiv,,1,
99917242,まるね。,,,pixiv,,,
_issyoku__,いっしょく,notice,,,,,
ocqpo,眼球むしゃむしゃロリ幼女,notice,,,,,
fanbox/9016,bginga,,,kemono,,,
fanbox/62844,へにゃーん,,,kemono,,2,
fanbox/852341,佐伯るに,,,kemono,,1,
fanbox/861849,クロカ,,,kemono,,1,
fanbox/1288494,himesamaknight,,,kemono,,,
fanbox/2527603,h'(エイチダッシュ),,,kemono,,1,
fanbox/2846382,しわし青果,,,kemono,,,
fanbox/3008144,なぎと,,,kemono,,,
fanbox/6570768,haku3490,,,kemono,,,
fanbox/11229342,サインこす,,,kemono,,,
fanbox/15209643,ぽるせりん,,,kemono,,2,
fanbox/19959424,なご(75),,,kemono,,1,
fanbox/28009976,Eros,,,kemono,,,
fanbox/33148844,esearu,,,kemono,,,
fanbox/37432797,せるたす,,,kemono,,2,
fanbox/47014495,Tau,,,kemono,,,
fanbox/52820082,ゼア・ラーク,,,kemono,,,
fanbox/56364545,暗稿,,,kemono,,,
fanbox/67979448,いーさん,,,kemono,,,
fanbox/86933454,ぞるそる,,,kemono,,,
fanbox/105947389,サガミ,,,kemono,,1,
fantia/14045,鈍色家電,,,kemono,,,
fantia/253395,microa,,,kemono,,2,
fanbox/22461581,絨灰,,,kemono,,,
dq0o39,ごたく,notice,,,,,
haronin_fukke,ハロニン・フッケ,,,,,,1263693978370596865
neko_nyaaaameow,owo,,,,,,
meis12495,メイス,notice,,,,2,2893701966
narukami_numari,鳴上ぬまり,,,,,,
1057305899313660026,闇のAI議論サーバー,,,discord,,,
1129344555616051212,果ての果て,,,discord,,,
1111308203142156361,ローカルLLMに向き合う会,,,discord,,,
1090360065476800614,AIものづくり研究会,,,discord,,,
10594960,弥猫うた,,,pixiv,,,
65154,iname,,,tinami,,,
cook_with_iori,伊里@📢BOOTH販売中✨,,,,,,
bi_trip_machine,び,notice,,,,,
8150331,いに,,,poipiku,,1,
berrybunny_art,莓兔,,,,,,
ubah_39,ubah,,,,,,
fanbox/11194306,莓兔,,,kemono,,,
2677,ひきわり納豆,,,pixiv,,,
cone_huraku,こんくてん。,,,skeb,,1,
kashiwatoriniku,柏,,,misskey,,1,
touhoku_kiritan,東北きりたん,,,gelbooru,,,
meika_hime,鳴花ヒメ,,,gelbooru,,,
kotonoha_aoi,琴葉葵,,,gelbooru,,,
kotonoha_akane,琴葉茜,,,gelbooru,,,
asumi_shuo,彩澄しゅお,,,gelbooru,,,
satou_sasara,さとうささら,,,gelbooru,,,
chuugoku_usagi,中国うさぎ,,,gelbooru,,,
futaba_minato,双葉湊音,,,gelbooru,,,
nurse_robot_type_t,ナースロボ_タイプT,,,gelbooru,,,
6939,NULL,,,fantia,,,
parodysenyou,パロディ専用アカウント,,,,,,
shu_013,shu,,,,,,
sushiuma_m_,モズ,,,,,,
2836548,sasapi,,,pixiv,,,
kashiwatoriniku,柏,,,skeb,,1,
uni_2225,うに,,,skeb,,1,
ub_gz1,しか,,,skeb,,1,
patreon/16604866,hassai,,,kemono,,1,
43115256,cedar,,,pixiv,,1,
192655,microa,,,nijie,,2,
893000,ばばりろ,,,nijie,,,
3965,こもぢ,,,nijie,,2,
15587601,須藤,,,pixiv,,2,
7869840,こもぢ,,,pixiv,,2,
48411970,KumaSun☀️,,,pixiv,,,
650579,日熊りおん,,,pixiv,,,
119824267,オクト爺,,,pixiv,,2,
56727114,ききょう,,,pixiv,,,
67173742,うーぱー,,,pixiv,,,
fanbox/4894,ペテン師,,,kemono,,1,
4894,ペテン師,,,pixiv,,1,
_smiyao,すみやお,,,,,1,
7246,すみやお,,,pixiv,,1,
fantia/3359,すみやお,,,kemono,,1,
okutog3x,オクト爺,,,,,2,738128410363322368
mozocrydungeon,模造クリスタル,,,fanbox,,1,
n5wdotez,えなみ教授,,,fanbox,,1,
dg491uuo2,ねぎしのれん,,,fanbox,,1,
kouba,こうば,,,fanbox,,1,
ashiyama,芦山,,,fanbox,,1,
yamamomo,山桃,,,fanbox,,1,
s_sinder_t,S(えⳣ),,,,,,
konbou_u_,棒棍房,,,,,,1802946772404502528
zane290,ざね,,,,,,
1042584,とるそ,,,pixiv,,1,
15209643,ぽるせりん,,,pixiv,,2,
28182682,角煮煮,,,pixiv,,,
4972586,仔ぬこ,,,pixiv,,2,
101650,-,,,pixiv,,2,
16186655,こまねすと,,,pixiv,,2,
4515,オオカミうお,,,pixiv,,2,
2331060,倉井 尚,,,pixiv,,1,
2295885,牛雄,,,pixiv,,,
38080365,みんなだいすき,,,pixiv,,1,
4850497,きしわがし,,,pixiv,,2,
488253,コンソメ,,,pixiv,,,
6274783,平塚2丁目,,,pixiv,,1,
42222748,おさんぽ水槽,,,pixiv,,2,
66007839,バーバリアン高本,,,pixiv,,1,
565606,地球人Ａ,,,pixiv,,2,
8825188,克曇満,,,pixiv,,2,
310309,ともきとものり,,,pixiv,,2,
67010215,えのずでる,,,pixiv,,1,
64832438,lliy,,,pixiv,,2,
58102537,ボド山,,,pixiv,,1,
20977154,きゃべてゅーん,,,pixiv,,2,
13869216,こすとら,,,pixiv,,2,
3048290,マルボー,,,pixiv,,2,
2318787,Tomin,,,pixiv,,2,
1080125,茶畑ゆのみ,,,pixiv,,2,
11264650,牛天福🔞,,,pixiv,,2,
30483456,灰野ハノイ,,,pixiv,,1,
27601388,叙庵ヌ。,,,pixiv,,1,
55125022,にほほひ,,,pixiv,,2,
81548119,島ぞー,,,pixiv,,1,
98108106,山桃,,,pixiv,,1,
6096327,歪み猫アリス,,,pixiv,,1,
79012339,サブ垢ですこんにちは,,,pixiv,,1,
66954892,久芳,,,pixiv,,,
25359733,ことりねこ,,,pixiv,,1,
4987916,pocche,,,pixiv,,1,
80097412,しーたん,,,pixiv,,1,
34234850,「冬将軍」,,,pixiv,,,
103382608,とろろもちもち,,,pixiv,,2,
3782246,ほかん,,,pixiv,,2,
99099840,けっこうな,,,pixiv,,2,
444420,モチノエ,,,pixiv,,2,
12588728,火あぶりトカゲ,,,pixiv,,1,
75419510,BELBEL,,,pixiv,,2,
21390144,あさだねむみ,,,pixiv,,,
524622,石動,,,pixiv,,2,
65454092,paofan,,,pixiv,,2,
10823053,ああつ,,,pixiv,,2,
34545752,まつきつね,,,pixiv,,1,
fanbox/22601389,Aak,,,kemono,,2,
22601389,Aak,,,pixiv,,2,
40314342,たたたまき,,,pixiv,,2,
3540936,なな氏,,,pixiv,,1,
wachenzweig,百塔屋,,,,,2,
105846221,百塔屋,,,pixiv,,2,
84435962,Hkosd,,,pixiv,,2,
110693531,せるたす,,,pixiv,,2,
32047245,自立自販機,,,pixiv,,2,
109413828,真名,,,pixiv,,2,
161657,水梨 朋,,,pixiv,,1,
40541635,め,,,pixiv,,1,
109530279,hassai,,,pixiv,,1,
111667514,ハイ_レ,,,pixiv,,2,
23980562,LFTN,,,pixiv,,1,
57031550,はたおりべ一十八🔞,,,pixiv,,1,
67103904,xy3_海,,,pixiv,,1,
10122880,PKPKPPPK,,,pixiv,,2,
155830,とりちよこ,,,pixiv,,2,
111705470,い,,,pixiv,,2,
115357074,きりかき,,,pixiv,,,
852341,佐伯るに,,,pixiv,,1,
105947389,サガミ,,,pixiv,,1,
30786288,っゅ,,,pixiv,,2,
51552996,へーぜら,,,pixiv,,2,
41932253,mob,,,pixiv,,,
119419227,あ,,,pixiv,,2,
11994053,zkzk,,,pixiv,,,
13128249,Player193,,,pixiv,,,
109023543,ワニアライグマ,,,pixiv,,,
2527603,h'(エイチダッシュ),,,pixiv,,1,
119479254,マヤ,,,pixiv,,,
58390145,楽島,,,pixiv,,,
79310921,だしまき,,,pixiv,,,
vuotokar18,すみのふ,,,,,2,
smirnoff_kaki,すみのふ,,,,,2,
SotobakoE,沿線電話機,,,skeb,,1,
fanbox/67010215,えのずでる,,,kemono,,1,
fanbox/66007839,バーバリアン高本,,,kemono,,2,
fantia/112298,バーバリアン高本,,,kemono,,2,
dance57th,舞,,,,,2,
kongaricacao.bsky.social,こんがりカカオ,,,bluesky,,2,
did:plc:ozakdlfkewdr5qitu7aovwpr,すみのふ,,,bluesky,,1,
bj2796,Fella0731,,,,,2,
_okura_0915_,なすびのまんじう,,,,,2,
1t2t6h9,イチジロ,,,skeb,,1,
1t2t6h9,イチジロ,notice,,,,1,
sistersyuritete,とりにく(喜),notice,,,,1,
ctrlfna,eg,,,,,2,
sumi_acount,Sumiism,,,skeb,,1,
nanagi_ship4,nanagi,,,skeb,,1,
LaCeys_ES,れいしす,,,skeb,,1,
fanbox/43115256,cedar,,,kemono,,1,
massanoring,masanori,,,,,2,
the_okashi,ささくれ,,,,,1,
jarlofkotonoha,首長@skeb募集中,,log,,,,
103242,てらろんぬ,,,pixiv,,,
119600145,えるりず,,,pixiv,,2,
46351330,李坑kienlg,,,pixiv,,1,
627747,有里ゆんじ,,,pixiv,,,
eroc_co,えろっこ,,,,,,
campagne_9,カンパ,,,,,1,
uqlism,うくり,,,,,2,
koma_mksm,こまうさ,notice,,,,1,
anchannnnnn_,F97Gank,,,,,,
122019757,ライスフラワー,,,pixiv,,2,
tomizu00,富水イチ,,,,,2,
koma_mksm,こまうさ,,,skeb,,2,
74667,Peru_Co,,,pixiv,,2,
otonunu,オトヌ,,log,,,,
oton46,オトヌ,,log,,,,
oton46,オトヌ,,log,skeb,,,
narukamosirenai,888n,,,,,2,
2qzx12,1:1:1,,,,,2,
suteinua,尾粥,,,,,1,
torso__,とるそ,,,,,1,
191380,SIRAN,,,pixiv,,,
ktsk_ku,きち助。,,log,,,,
irozakana,いろざかな,,,,,2,
fanbox/1042584,とるそ,,,kemono,,1,
tatsudango,竜団子,,,,,2,
iori787ko,きょーやん,,,,,,
wul5p,梅川あんず,,,,,,
utbutb,うつぼ⊏'ꣲ'|,,,,,,
hanonoti2,はおち,,,,,2,
shiro_noe,シロノエ,,,,,2,
ka1h1_,曖昧さ回避,,,,,2,
jka1ko,もこもこ蚕,,,,,2,
sill_730,しろち,notice,,,,2,
megtamine,蓬莱胡蝶,,,,,2,
oda_koden,Oda Kogane,,,,,,
itoya_1108,絃弥,,,,,2,
samefukurou,さめふくかな,,,,,2,
osakana_0u0,セイゴ,,,,,2,
imadakenyo,桧ノ坂,,,,,,
yamaichi_323,佐渡 千穂,,,,,,
kirin10291029,キリン,,,,,2,
june_maru630,水無月まーる,,,,,2,
mimi__pya,酔,,,,,2,
tsukki_tsukitar,"あおぴく@あだいち3歩目 ""い-05""",,log,,,,
kiitomashinon,きいとま,,,,,,
s941u,紫電f/そうパレ【あ-11】,,log,,,,
tororicchi1125,あん❤乳呑みぃ,,,,,,
szkp0151,szk,,,,,1,
sssss280,そる二代目,,,,,2,
hailasumo,アスモ霰,,,,,2,
asagiyumina01,亜紗宜弓奈,notice,,,,2,
creepycrawlyh28,橘虫,notice,,,,2,
huwatora1130,ふわとら,notice,,,,2,
namari8540,鉛寺ほのか,,,,,2,
cubkus_,しゆ,notice,,,,2,
gumi_9357,グミちゃん,,,,,2,
kusakabe_momizi,草壁 もみじ,,,,,2,
gomadareeee_,ごまう,notice,,,,2,
anaiaki_,あないあき,notice,,,,2,
kicorimori13,杜盛きこり,,,,,2,
11214859,アジシオ,,,poipiku,,2,
nannanlov,つきは,,,,,2,
sakura_ame01,なぎさ*,,,,,2,
mmms_33,まめむし,,,,,2,
fygho6964,ْ,,log,,,,
tunana772,な,,,,,2,
nkzx_xxxx,nkzx_xxxx,,,,,,
hdash,h'(エイチダッシュ),,,fanbox,,1,
punimate,ぷにめいと,,,fanbox,,1,
enozuderu18,えのずでる,,,fanbox,,1,
fanbox/5607882,つきみりん,,,kemono,,2,
kuroshika,クロカ,,,fanbox,,1,
ctanf,朱樹(あすき)しーたん,,,fanbox,,1,
secchin0104,せるたす,,,fanbox,,1,
aspart929,あすぱると,,,fanbox,,1,
nanash13,なな氏,,,fanbox,,1,
sagamikun,サガミ,,,fanbox,,1,
cedar,cedar,,,fanbox,,1,
iofddrvh1q20720,サンショウウオ/さう,,,,,2,
r8xng,メテオライト,,,,,2,
todasakuya,兎堕 朔夜,,,,,,1624905999118397440
maru_tubo,円坩,,,,,1,
yanareoreoreore,やなれお,,,fanbox,,1,
oboroge-faint,朧気,,,fanbox,,1,
hibino,hibino,,,fanbox,,1,
nabenofuta33,多々良さん,,,fanbox,,1,
nanagi,ななぎ,,,fanbox,,1,
aoimasami,あおいまさみ,,,fanbox,,2,
vas7l7f6,佐伯るに,,,fanbox,,1,
34477522,うかつ,,,pixiv,,2,
oboroge_faint,朧気,,,skeb,,1,
harmon_luv,はーもん,,,,,2,
493491,亜紗宜弓奈,,,fantia,,2,
fanbox/15949588,hibino,,,kemono,,1,
popo3ne,popo峰,,,,,2,
wakamatsu_6,わかまつき,,,,,,
fumimaru5252,をち史,,,,,,
hino_hari,日野ハリ,,,,,2,
Kuroshika,クロカ,,,misskey,,1,
123900439,Mameshiba,,,pixiv,,2,
124452394,裏活,,,pixiv,,,
124507767,とろこね,,,pixiv,,2,
ebachi11,絵蜂,,,,,2,
ebachi11,絵蜂,,,privatter,,2,
ntfl520785,LFTN,,,,,2,
mumugy_ovo9,むむぎむぎ,,,,,2,
san002yu77863,yu-san002,,,,,,
mugekin_ur18,むげきん,,,,,2,
i7bqryh4,LFTN,,,fanbox,,1,
mountainyowa,山鳥,,,,,2,
4shino-hca.bsky.social,よしの,,,bluesky,,1,
7159423,よしの,,,poipiku,,1,
menbowfederation,めんぼー,,,fanbox,,1,
sakiika010513,さきいか,,,,,2,
yuki_warabi7509,雪蕨,,,,,,
daiyagb,♢＿＿５分間の額縁。,,,,,2,
4116954,めんぼー,,,pixiv,,1,
108613991,しこと種付け,,,pixiv,,2,
122762666,ツイパンダ,,,pixiv,,1,
71001987,うるしうろろ,,,pixiv,,2,
29damanga,煮(つくだ),,,,,2,2025865792999600129
kasatanam,Kasatana,,,,,2,
wr_bgiz1,𝗥𝗢𝗝I,,,,,2,
siran_onna,しらんおんな,,,,,2,1917123162564902912
m_kurogami_zer0,ま,,,,,2,
jitakuni_imasu,サトウ,,,,,,
macya330msk,えむえすけい,,,skeb,,1,
821797,えむえすけい,,,pixiv,,1,
macya330msk,えむえすけい,,,,,1,
10397881,追悼,,,pixiv,,2,
tuitouno,追悼,notice,,,,2,
manpukuopenguin,満腹ペンギン,,,,,2,
wdzm,和田島イサキ,,,,,2,
actancyaga,Cotan,,,,,2,
ActanCyaga,Cotan,,,skeb,,2,
hachimitsu_nuts,はちみっつやっつ,,,,,2,
sagisagiz,ペテン師,,,fanbox,,2,
retorillo,レトリロ,,,,,2,
10737509,gudrn,,,poipiku,,2,
316949,沙流,,,pixiv,,2,
110319581,ぷか,,,pixiv,,2,
ejb9qpnhcp56184,ハナ,,,,,2,
gongichaa,໊,,,,,,
natwjeq,jet,,,,,2,
toroborobo,ひととも,,log,misskey,,,
12990395,Mimu,,,pixiv,,2,
tsukizumikana,月澄花奈,,,,,,
doitsumuratokyo,ドイツ村東京,,,,,,
tsumura_doi,ドイツ村東京,,,,,,
zozozo_sub,ぞぞぞ,,,,,2,
spetsnaz10032,スパークリング湯豆腐,,,,,2,
joannefornet,叙庵ヌ,,,fanbox,,1,
kuroa999999,クロア,,,,,,
haisin1000_,にせかるま,,log,,,,
subarickv4,subarick,notice,,,,1,
mazical007,スミス,,,,,,
p9cyntfkof91410,あ,,,,,2,
191443,あきた,,,pixiv,,,
550406,東雲みよし,,,pixiv,,,
92573963,KAI-ART,,,pixiv,,2,
121889779,ただキチ,,,pixiv,,,
121417694,o-ha-L,,,pixiv,,2,
kurage_mi404,くらげみ,,,,,,
harunoyasaki,春の矢先,,,,,,
batteryteri,battery,,,,,2,
youguret37,用具,,,,,2,
m20241112,💌,,,,,,
461251,we53,,,pixiv,,1,
we53,we53,,log,,,1,
dampfnudel_f,Dampfnudel.f,,,,,2,
pompino_0,ﾐｬ,,,,,2,
we53,we53,,,fanbox,,1,
nebulastall,はなだひょう,,,,,,
117079496,かきほう,,,pixiv,,2,
yu_tt096,咳魔,,,,,,
suiyw1999,💬,,,,,2,
dsikrp,gamba,,,,,2,
ene80gq,en,,,,,2,
kyu_kei02,床の間Q,,,,,2,
30238861,YKT,,,pixiv,,1,
mocmljoblb45775,焼きそばピザ,,,,,2,
trpg01,じぇろいちジョー,,,,,,
bakupa,ばくＰ,,,,,2,
toriatamastudio,トリアタマ,,,,,2,
105056231,ねこわ,,,pixiv,,2,
btbta1234,B-ta,notice,,,,2,
alidilettante,龍崎さもぉ,,,,,,
kajitu0503,オレンジ☆パイン,,,,,,
sub010aka,うぃり,notice,,,,,
skeletons62,スケルトンs,,,,,2,
mansaki_ddb,まんさき,,,,,,
kurono_simon,黒乃シモン,,,,,,
sakuranona_sbsb,しらたき太郎丸,,,,,2,
eroimonokakanai,ケイレンセッパク,,,,,,
yae_wahha,ヤエヤマ,notice,log,,,,
meganemegane22,（タル）,,,,,2,
shiraga@voskey.icalo.net,shiraga@voskey.icalo.net,,,misskey,,,
chara_capricorn,ちゃら,,,,,,
ksnk_shi,楠,,,,,2,
zako_uzi,うつば,,,,,,
015mutenka,十五太郎_015taro,,,,,,
95655896,ドラン,,,pixiv,,2,
123174300,ｽ,,,pixiv,,2,
45483489,津村,,,pixiv,,2,
112188037,だわ,,,pixiv,,2,
aoooo_kale,碧けーる,,log,,,,
tmtjm888,88,,,,,2,
champon_hg,抹茶ドリル,,,,,2,
nukoleg,げるଳ,,,,,2,
gumiokiba,グミバッカクッテルヤツ🍜ボカコレ2026冬TOP100デバイス制限,,,,,,
harumagebon,はるさめパパイセン@お仕事募集中,,log,,,,
toubunmasi02,ﾏ,,,,,1,
todohagane,とどはがね,,,,,2,
r4ttsua,らっつあ,,,,,2,
shikeisyu,死刑囚,,,,,2,
madori0816,マドリ,,,,,,
xx_cmd,重症,,,,,2,
4267954,まこちあ,,log,pixiv,,,
1213490,しおん,,log,pixiv,,,
14128186,せっかち,,log,pixiv,,,
788754,柚有兎,,log,pixiv,,,
109618673,Hazubu,,,pixiv,,,
3231927,AkiFn,,log,pixiv,,,
7575,不死千代,,log,pixiv,,,
9336087,DENBAKO / 電箱,,log,pixiv,,,
681032,cancer,,,pixiv,,2,
38405067,ヤエヤマ,,,pixiv,,2,
289132019,勑勑qaq,,,bilibili,,,
tarotanat,タローT,,,,,,
32478492,白雲流,,,pixiv,,2,
fanbox/1184461,はせがわひらりー,,,kemono,,2,
slyger_ex,Slyger,,,,,,
